id,full_name,html_url,size,language,created_at,updated_at,pushed_at,stargazers_count,forks_count,open_issues_count
22790488,iluwatar/java-design-patterns,https://github.com/iluwatar/java-design-patterns,32896,Java,2014-08-09T16:45:18Z,2024-04-29T20:27:33Z,2024-04-29T22:57:47Z,86488,25895,196
6296790,spring-projects/spring-boot,https://github.com/spring-projects/spring-boot,172284,Java,2012-10-19T15:02:57Z,2024-04-30T00:42:58Z,2024-04-29T22:22:56Z,72835,40047,607
1148753,spring-projects/spring-framework,https://github.com/spring-projects/spring-framework,207889,Java,2010-12-08T04:04:45Z,2024-04-30T00:23:57Z,2024-04-29T16:15:22Z,55156,37556,291
20300177,google/guava,https://github.com/google/guava,462390,Java,2014-05-29T16:23:17Z,2024-04-30T02:07:40Z,2024-04-29T23:59:11Z,49419,10783,735
173228436,NationalSecurityAgency/ghidra,https://github.com/NationalSecurityAgency/ghidra,344743,Java,2019-03-01T03:27:48Z,2024-04-30T01:31:20Z,2024-04-29T20:32:52Z,47742,5542,1541
4710920,apache/dubbo,https://github.com/apache/dubbo,54702,Java,2012-06-19T07:56:02Z,2024-04-30T00:23:50Z,2024-04-29T14:38:38Z,40045,26263,844
8859474,skylot/jadx,https://github.com/skylot/jadx,22172,Java,2013-03-18T17:08:21Z,2024-04-30T00:06:34Z,2024-04-26T20:54:54Z,39197,4647,376
44662669,dbeaver/dbeaver,https://github.com/dbeaver/dbeaver,178965,Java,2015-10-21T08:26:28Z,2024-04-29T18:57:50Z,2024-04-29T19:49:49Z,37464,3239,2076
19148949,PhilJay/MPAndroidChart,https://github.com/PhilJay/MPAndroidChart,21720,Java,2014-04-25T14:29:47Z,2024-04-29T07:33:09Z,2024-02-28T06:26:20Z,37259,8982,2168
9754983,eugenp/tutorials,https://github.com/eugenp/tutorials,80984,Java,2013-04-29T18:26:36Z,2024-04-29T17:10:02Z,2024-04-29T20:32:38Z,35988,54277,65
146633589,alibaba/arthas,https://github.com/alibaba/arthas,48671,Java,2018-08-29T17:15:57Z,2024-04-29T22:13:41Z,2024-04-25T11:25:40Z,34699,7342,364
11267509,bumptech/glide,https://github.com/bumptech/glide,96798,Java,2013-07-08T22:52:33Z,2024-04-30T00:18:21Z,2024-04-30T00:25:54Z,34367,6095,510
1064563,netty/netty,https://github.com/netty/netty,88846,Java,2010-11-09T09:22:21Z,2024-04-29T16:51:07Z,2024-04-29T21:42:37Z,32796,15721,592
120395176,alibaba/easyexcel,https://github.com/alibaba/easyexcel,26407,Java,2018-02-06T03:14:08Z,2024-04-29T20:03:53Z,2024-04-22T10:20:10Z,30960,7392,549
44804216,termux/termux-app,https://github.com/termux/termux-app,4484,Java,2015-10-23T09:42:46Z,2024-04-29T19:28:41Z,2024-04-27T18:12:49Z,30926,3281,359
137451403,alibaba/nacos,https://github.com/alibaba/nacos,56533,Java,2018-06-15T06:49:27Z,2024-04-30T01:45:58Z,2024-04-29T12:42:00Z,29066,12538,232
53127403,apolloconfig/apollo,https://github.com/apolloconfig/apollo,53715,Java,2016-03-04T10:24:23Z,2024-04-29T17:34:03Z,2024-04-27T13:54:39Z,28794,10168,134
7587038,alibaba/canal,https://github.com/alibaba/canal,22989,Java,2013-01-13T10:59:52Z,2024-04-29T17:21:09Z,2024-04-28T01:54:53Z,27771,7515,1063
2700159,alibaba/druid,https://github.com/alibaba/druid,84117,Java,2011-11-03T05:12:51Z,2024-04-30T02:25:28Z,2024-04-29T17:13:15Z,27645,8524,2167
2211243,apache/kafka,https://github.com/apache/kafka,184000,Java,2011-08-15T18:06:16Z,2024-04-30T02:26:41Z,2024-04-30T02:26:36Z,27369,13488,1080
2700474,alibaba/fastjson,https://github.com/alibaba/fastjson,15513,Java,2011-11-03T06:58:52Z,2024-04-28T07:42:53Z,2024-03-26T12:01:55Z,25638,6513,2097
163387337,apache/incubator-seata,https://github.com/apache/incubator-seata,23856,Java,2018-12-28T08:37:22Z,2024-04-29T16:08:47Z,2024-04-29T15:32:46Z,24946,8677,780
6766558,Netflix/Hystrix,https://github.com/Netflix/Hystrix,9799,Java,2012-11-19T20:14:46Z,2024-04-29T20:32:35Z,2023-10-17T13:04:47Z,23883,4695,401
20587599,apache/flink,https://github.com/apache/flink,489920,Java,2014-06-07T07:00:10Z,2024-04-29T14:08:33Z,2024-04-29T23:40:50Z,23175,12962,1192
15823460,redisson/redisson,https://github.com/redisson/redisson,26869,Java,2014-01-11T14:06:25Z,2024-04-29T23:42:38Z,2024-04-29T11:28:48Z,22748,5264,399
1103607,jenkinsci/jenkins,https://github.com/jenkinsci/jenkins,157735,Java,2010-11-22T21:21:23Z,2024-04-30T02:19:51Z,2024-04-30T02:19:47Z,22409,8519,74
20773773,bazelbuild/bazel,https://github.com/bazelbuild/bazel,932127,Java,2014-06-12T16:00:38Z,2024-04-29T18:45:05Z,2024-04-29T20:42:35Z,22324,3889,2030
128018428,alibaba/Sentinel,https://github.com/alibaba/Sentinel,8218,Java,2018-04-04T06:37:33Z,2024-04-29T15:41:12Z,2024-04-29T17:01:23Z,21967,7894,817
20818126,google/ExoPlayer,https://github.com/google/ExoPlayer,483153,Java,2014-06-13T21:19:18Z,2024-04-30T01:29:45Z,2024-04-04T15:01:47Z,21481,5984,679
75164823,apache/rocketmq,https://github.com/apache/rocketmq,41089,Java,2016-11-30T08:00:08Z,2024-04-29T22:49:29Z,2024-04-29T06:41:44Z,20577,11443,409
144705602,didi/DoKit,https://github.com/didi/DoKit,58535,Java,2018-08-14T10:32:07Z,2024-04-29T07:23:50Z,2024-03-14T06:09:48Z,19958,3068,251
11125589,keycloak/keycloak,https://github.com/keycloak/keycloak,498116,Java,2013-07-02T13:38:51Z,2024-04-30T02:04:10Z,2024-04-30T01:21:13Z,19920,6269,1999
133134007,OpenAPITools/openapi-generator,https://github.com/OpenAPITools/openapi-generator,863010,Java,2018-05-12T09:57:56Z,2024-04-30T01:28:51Z,2024-04-29T20:35:54Z,19896,6120,4607
49876476,apache/shardingsphere,https://github.com/apache/shardingsphere,634918,Java,2016-01-18T12:49:26Z,2024-04-29T16:42:57Z,2024-04-29T16:42:52Z,19446,6603,989
8205602,mybatis/mybatis-3,https://github.com/mybatis/mybatis-3,146776,Java,2013-02-14T19:03:32Z,2024-04-29T18:07:55Z,2024-04-29T18:07:38Z,19421,12669,211
7010724,dianping/cat,https://github.com/dianping/cat,114113,Java,2012-12-05T02:31:48Z,2024-04-29T02:19:12Z,2024-04-23T12:54:41Z,18431,5376,185
7968417,google/dagger,https://github.com/google/dagger,106285,Java,2013-02-01T23:14:14Z,2024-04-29T16:56:09Z,2024-04-27T12:06:57Z,17315,1999,312
31533997,facebook/fresco,https://github.com/facebook/fresco,76118,Java,2015-03-02T09:58:04Z,2024-04-29T19:58:33Z,2024-04-26T01:07:57Z,17042,3739,241
4576305,openzipkin/zipkin,https://github.com/openzipkin/zipkin,75592,Java,2012-06-06T18:26:16Z,2024-04-29T05:57:28Z,2024-04-20T17:34:18Z,16737,3068,172
501687,antlr/antlr4,https://github.com/antlr/antlr4,69963,Java,2010-02-04T01:36:28Z,2024-04-29T23:04:15Z,2024-04-22T17:29:53Z,16391,3212,930
75643096,material-components/material-components-android,https://github.com/material-components/material-components-android,148973,Java,2016-12-05T16:11:29Z,2024-04-29T19:04:37Z,2024-04-29T19:04:29Z,15973,3023,624
65987043,baomidou/mybatis-plus,https://github.com/baomidou/mybatis-plus,23345,Java,2016-08-18T10:06:53Z,2024-04-30T00:43:53Z,2024-04-29T14:56:22Z,15801,4206,73
75277003,thingsboard/thingsboard,https://github.com/thingsboard/thingsboard,245064,Java,2016-12-01T09:33:30Z,2024-04-29T17:17:33Z,2024-04-29T20:58:22Z,15657,4815,1664
5349565,prestodb/presto,https://github.com/prestodb/presto,212583,Java,2012-08-09T01:03:37Z,2024-04-29T19:32:09Z,2024-04-30T02:32:29Z,15601,5253,2067
23112526,android10/Android-CleanArchitecture,https://github.com/android10/Android-CleanArchitecture,5191,Java,2014-08-19T14:09:26Z,2024-04-27T09:46:25Z,2023-04-28T06:54:52Z,15455,3323,142
6207167,mockito/mockito,https://github.com/mockito/mockito,48915,Java,2012-10-13T20:27:12Z,2024-04-29T07:47:14Z,2024-04-27T15:19:22Z,14591,2516,405
76413186,alibaba/ARouter,https://github.com/alibaba/ARouter,26589,Java,2016-12-14T01:27:49Z,2024-04-28T06:08:40Z,2023-09-11T06:07:41Z,14382,2585,126
88970564,Tencent/QMUI_Android,https://github.com/Tencent/QMUI_Android,21951,Java,2017-04-21T10:03:18Z,2024-04-29T18:10:56Z,2024-02-26T06:50:33Z,14334,2663,423
1911523,eclipse-vertx/vert.x,https://github.com/eclipse-vertx/vert.x,115830,Java,2011-06-17T14:54:55Z,2024-04-29T19:34:37Z,2024-04-29T19:56:20Z,14075,2042,309
1090311,elastic/logstash,https://github.com/elastic/logstash,127047,Java,2010-11-18T01:31:50Z,2024-04-29T14:13:20Z,2024-04-29T20:06:20Z,14011,3468,2152
62117812,apache/pulsar,https://github.com/apache/pulsar,212341,Java,2016-06-28T07:00:03Z,2024-04-29T14:17:29Z,2024-04-29T20:12:07Z,13756,3498,1354
19257422,questdb/questdb,https://github.com/questdb/questdb,494451,Java,2014-04-28T23:29:15Z,2024-04-29T15:56:23Z,2024-04-29T22:39:00Z,13490,977,499
14734876,deeplearning4j/deeplearning4j,https://github.com/deeplearning4j/deeplearning4j,748628,Java,2013-11-27T02:03:28Z,2024-04-29T08:08:43Z,2024-04-29T11:07:48Z,13427,3823,634
25459400,pinpoint-apm/pinpoint,https://github.com/pinpoint-apm/pinpoint,255595,Java,2014-10-20T09:27:22Z,2024-04-30T02:23:26Z,2024-04-30T02:23:21Z,13220,3740,451
6358188,apache/druid,https://github.com/apache/druid,340634,Java,2012-10-23T19:08:07Z,2024-04-29T18:37:18Z,2024-04-29T19:22:37Z,13197,3634,853
139914932,quarkusio/quarkus,https://github.com/quarkusio/quarkus,308117,Java,2018-07-06T00:44:20Z,2024-04-29T18:25:09Z,2024-04-29T21:27:35Z,13112,2497,2590
77993578,LuckSiege/PictureSelector,https://github.com/LuckSiege/PictureSelector,542078,Java,2017-01-04T07:47:39Z,2024-04-30T01:15:15Z,2024-04-03T02:14:08Z,13067,2974,469
221862,projectlombok/lombok,https://github.com/projectlombok/lombok,80679,Java,2009-06-08T19:46:41Z,2024-04-29T03:38:28Z,2024-04-04T13:02:16Z,12602,2335,855
88111990,zhihu/Matisse,https://github.com/zhihu/Matisse,1991,Java,2017-04-13T01:31:05Z,2024-04-28T19:17:07Z,2023-05-15T09:55:57Z,12494,2072,461
6650539,neo4j/neo4j,https://github.com/neo4j/neo4j,622800,Java,2012-11-12T08:46:15Z,2024-04-29T20:35:33Z,2024-04-24T10:23:06Z,12472,2316,306
173335706,apache/dolphinscheduler,https://github.com/apache/dolphinscheduler,208516,Java,2019-03-01T16:39:25Z,2024-04-29T19:10:11Z,2024-04-29T13:03:01Z,12025,4414,993
36817565,zaproxy/zaproxy,https://github.com/zaproxy/zaproxy,197043,Java,2015-06-03T16:55:01Z,2024-04-30T01:06:20Z,2024-04-29T17:48:49Z,12001,2191,805
160999,apache/zookeeper,https://github.com/apache/zookeeper,147300,Java,2009-03-27T15:41:56Z,2024-04-30T02:35:46Z,2024-04-29T14:14:42Z,11933,7156,259
715605,redis/jedis,https://github.com/redis/jedis,13451,Java,2010-06-11T13:04:43Z,2024-04-29T17:49:39Z,2024-04-29T18:20:03Z,11632,3839,149
4084908,realm/realm-java,https://github.com/realm/realm-java,65849,Java,2012-04-20T09:18:42Z,2024-04-29T13:38:09Z,2024-04-29T06:58:45Z,11443,1751,395
99919302,apache/doris,https://github.com/apache/doris,731930,Java,2017-08-10T12:13:30Z,2024-04-29T15:19:39Z,2024-04-29T18:16:58Z,11376,3053,2520
9623064,code4craft/webmagic,https://github.com/code4craft/webmagic,17378,Java,2013-04-23T12:57:36Z,2024-04-29T07:02:07Z,2024-04-23T15:50:59Z,11245,4173,354
27729926,grpc/grpc-java,https://github.com/grpc/grpc-java,88038,Java,2014-12-08T19:00:00Z,2024-04-29T23:30:56Z,2024-04-29T23:53:41Z,11180,3760,494
4839957,jfeinstein10/SlidingMenu,https://github.com/jfeinstein10/SlidingMenu,32085,Java,2012-06-30T05:14:23Z,2024-04-21T21:21:36Z,2021-09-19T14:04:18Z,11100,5055,305
22043847,mission-peace/interview,https://github.com/mission-peace/interview,1200,Java,2014-07-20T21:27:31Z,2024-04-28T19:31:14Z,2024-01-12T18:01:05Z,11007,5159,174
6220644,OpenRefine/OpenRefine,https://github.com/OpenRefine/OpenRefine,403171,Java,2012-10-15T02:22:48Z,2024-04-30T01:36:15Z,2024-04-29T22:07:27Z,10488,1910,662
5793738,Activiti/Activiti,https://github.com/Activiti/Activiti,122596,Java,2012-09-13T11:34:43Z,2024-04-29T14:23:40Z,2024-04-29T14:10:02Z,9902,6925,593
50205233,debezium/debezium,https://github.com/debezium/debezium,51362,Java,2016-01-22T20:17:05Z,2024-04-29T16:45:23Z,2024-04-29T22:20:04Z,9887,2391,64
125600395,paascloud/paascloud-master,https://github.com/paascloud/paascloud-master,16083,Java,2018-03-17T05:40:43Z,2024-04-28T07:28:01Z,2023-10-09T02:24:04Z,9781,4320,105
1705960,perwendel/spark,https://github.com/perwendel/spark,2503,Java,2011-05-05T11:52:05Z,2024-04-29T22:16:42Z,2023-10-08T09:20:37Z,9601,1556,261
166515022,trinodb/trino,https://github.com/trinodb/trino,246092,Java,2019-01-19T06:38:14Z,2024-04-30T00:49:06Z,2024-04-29T23:55:49Z,9578,2776,2404
36793280,resilience4j/resilience4j,https://github.com/resilience4j/resilience4j,8488,Java,2015-06-03T09:21:01Z,2024-04-29T12:28:36Z,2024-04-29T11:53:12Z,9437,1295,208
2349728,pockethub/PocketHub,https://github.com/pockethub/PocketHub,11945,Java,2011-09-08T16:52:50Z,2024-04-21T01:35:14Z,2023-06-06T08:03:11Z,9395,3466,126
10981994,OpenFeign/feign,https://github.com/OpenFeign/feign,5885,Java,2013-06-26T23:28:16Z,2024-04-29T06:01:14Z,2024-04-29T05:24:20Z,9269,1898,209
91065402,Justson/AgentWeb,https://github.com/Justson/AgentWeb,29032,Java,2017-05-12T07:45:56Z,2024-04-29T05:41:59Z,2023-12-09T10:30:43Z,9132,1623,71
334274271,opensearch-project/OpenSearch,https://github.com/opensearch-project/OpenSearch,571755,Java,2021-01-29T22:10:00Z,2024-04-29T21:47:56Z,2024-04-30T00:44:18Z,8731,1592,1657
1287669,json-path/JsonPath,https://github.com/json-path/JsonPath,2694,Java,2011-01-24T13:19:19Z,2024-04-29T12:48:23Z,2024-03-31T01:06:32Z,8642,1618,398
224230574,provectus/kafka-ui,https://github.com/provectus/kafka-ui,30382,Java,2019-11-26T15:55:55Z,2024-04-29T21:10:20Z,2024-04-29T10:38:03Z,8536,1057,396
206424,apache/cassandra,https://github.com/apache/cassandra,428996,Java,2009-05-21T02:10:09Z,2024-04-29T08:59:31Z,2024-04-30T00:32:27Z,8516,3542,470
65245890,airbnb/epoxy,https://github.com/airbnb/epoxy,34091,Java,2016-08-08T23:05:11Z,2024-04-26T00:01:28Z,2024-01-25T20:50:25Z,8449,725,309
3148979,spring-projects/spring-security,https://github.com/spring-projects/spring-security,76323,Java,2012-01-10T21:50:57Z,2024-04-29T20:27:45Z,2024-04-29T20:27:38Z,8416,5741,920
11997640,alibaba/otter,https://github.com/alibaba/otter,12039,Java,2013-08-09T09:31:22Z,2024-04-29T06:07:49Z,2023-09-18T02:27:54Z,7965,2486,332
688352,apache/jmeter,https://github.com/apache/jmeter,133073,Java,2010-05-26T23:38:07Z,2024-04-29T19:14:21Z,2024-04-26T07:43:06Z,7938,2015,816
402945349,StarRocks/starrocks,https://github.com/StarRocks/starrocks,368550,Java,2021-09-04T02:29:35Z,2024-04-30T00:13:37Z,2024-04-30T00:16:32Z,7780,1603,1316
7170058,flyway/flyway,https://github.com/flyway/flyway,754139,Java,2012-12-14T18:43:22Z,2024-04-30T00:25:57Z,2024-04-29T10:20:52Z,7778,1458,172
33816473,testcontainers/testcontainers-java,https://github.com/testcontainers/testcontainers-java,12211,Java,2015-04-12T12:44:59Z,2024-04-29T23:27:04Z,2024-04-29T22:56:52Z,7771,1583,613
80179724,facebook/litho,https://github.com/facebook/litho,745987,Java,2017-01-27T03:59:11Z,2024-04-29T20:29:17Z,2024-04-29T20:36:38Z,7646,753,121
50904245,apache/beam,https://github.com/apache/beam,637019,Java,2016-02-02T08:00:06Z,2024-04-29T18:48:24Z,2024-04-29T23:37:57Z,7522,4127,4361
70780002,flowable/flowable-engine,https://github.com/flowable/flowable-engine,227210,Java,2016-10-13T07:21:43Z,2024-04-29T22:50:44Z,2024-04-26T15:25:51Z,7411,2505,336
8957264,TechEmpower/FrameworkBenchmarks,https://github.com/TechEmpower/FrameworkBenchmarks,309765,Java,2013-03-22T17:33:54Z,2024-04-29T18:44:45Z,2024-04-29T11:21:31Z,7388,1892,144
13421878,pentaho/pentaho-kettle,https://github.com/pentaho/pentaho-kettle,645761,Java,2013-10-08T18:27:11Z,2024-04-29T14:36:57Z,2024-04-29T21:27:36Z,7372,3377,79
2003641,swagger-api/swagger-core,https://github.com/swagger-api/swagger-core,19282,Java,2011-07-05T23:44:11Z,2024-04-29T12:17:56Z,2024-04-25T14:08:47Z,7339,2151,785
26956767,abel533/Mapper,https://github.com/abel533/Mapper,2184,Java,2014-11-21T11:02:10Z,2024-04-29T13:08:30Z,2024-04-18T12:09:11Z,7254,1611,244
18845024,google/closure-compiler,https://github.com/google/closure-compiler,179110,Java,2014-04-16T15:30:36Z,2024-04-29T15:04:27Z,2024-04-29T15:04:23Z,7251,1139,894
15155534,gocd/gocd,https://github.com/gocd/gocd,377062,Java,2013-12-13T05:26:16Z,2024-04-29T20:02:52Z,2024-04-29T20:02:55Z,7035,971,73
19082715,microg/GmsCore,https://github.com/microg/GmsCore,10146,Java,2014-04-23T19:28:47Z,2024-04-30T00:38:49Z,2024-04-29T17:16:22Z,7031,1531,923
4470435,mapstruct/mapstruct,https://github.com/mapstruct/mapstruct,11244,Java,2012-05-28T12:42:42Z,2024-04-29T22:07:01Z,2024-04-29T18:22:01Z,6807,911,437
248416273,didi/KnowStreaming,https://github.com/didi/KnowStreaming,199977,Java,2020-03-19T05:13:51Z,2024-04-29T14:19:46Z,2024-01-06T08:40:11Z,6754,1257,132
23206290,google/error-prone,https://github.com/google/error-prone,129846,Java,2014-08-21T23:26:50Z,2024-04-29T01:38:03Z,2024-04-26T15:58:19Z,6724,723,389
1011539,rest-assured/rest-assured,https://github.com/rest-assured/rest-assured,11078,Java,2010-10-21T08:35:43Z,2024-04-29T01:36:18Z,2024-04-23T09:35:54Z,6714,1857,571
47997753,zo0r/react-native-push-notification,https://github.com/zo0r/react-native-push-notification,1688,Java,2015-12-14T19:53:36Z,2024-04-29T09:28:40Z,2024-01-30T05:26:00Z,6712,2044,205
89322848,Angel-ML/angel,https://github.com/Angel-ML/angel,93424,Java,2017-04-25T05:57:43Z,2024-04-28T04:11:29Z,2024-01-16T08:06:37Z,6704,1606,130
3301400,MinecraftForge/MinecraftForge,https://github.com/MinecraftForge/MinecraftForge,118298,Java,2012-01-30T01:35:01Z,2024-04-29T23:14:45Z,2024-04-28T22:44:31Z,6670,2637,152
7276954,Alluxio/alluxio,https://github.com/Alluxio/alluxio,205191,Java,2012-12-21T17:43:46Z,2024-04-29T17:10:21Z,2024-04-28T02:17:09Z,6648,2904,987
3161748,mrniko/netty-socketio,https://github.com/mrniko/netty-socketio,2285,Java,2012-01-12T11:43:49Z,2024-04-29T14:37:27Z,2024-03-22T05:45:28Z,6630,1635,405
44681400,gzu-liyujiang/AndroidPicker,https://github.com/gzu-liyujiang/AndroidPicker,28153,Java,2015-10-21T14:21:16Z,2024-04-29T07:00:28Z,2023-12-02T13:50:25Z,6321,1453,175
32848140,apache/zeppelin,https://github.com/apache/zeppelin,104146,Java,2015-03-25T07:00:06Z,2024-04-28T02:14:46Z,2024-04-29T09:33:22Z,6262,2775,154
1450115,AsyncHttpClient/async-http-client,https://github.com/AsyncHttpClient/async-http-client,19089,Java,2011-03-07T13:41:46Z,2024-04-29T10:03:56Z,2024-04-15T14:25:29Z,6242,1583,103
10873724,joelittlejohn/jsonschema2pojo,https://github.com/joelittlejohn/jsonschema2pojo,11783,Java,2013-06-22T22:28:53Z,2024-04-29T05:14:04Z,2024-04-03T20:18:28Z,6147,1643,209
2544305,wiremock/wiremock,https://github.com/wiremock/wiremock,43643,Java,2011-10-09T20:27:24Z,2024-04-29T11:09:07Z,2024-04-29T04:16:34Z,6091,1401,389
16389681,google/j2objc,https://github.com/google/j2objc,102996,Java,2014-01-30T20:19:56Z,2024-04-29T02:51:03Z,2024-04-26T19:19:39Z,5983,953,85
124230204,micronaut-projects/micronaut-core,https://github.com/micronaut-projects/micronaut-core,102832,Java,2018-03-07T12:05:08Z,2024-04-29T13:18:12Z,2024-04-29T21:52:30Z,5952,1034,730
4238977,springfox/springfox,https://github.com/springfox/springfox,186279,Java,2012-05-06T06:38:57Z,2024-04-28T11:23:17Z,2024-03-18T18:36:28Z,5900,1529,306
1625986,jOOQ/jOOQ,https://github.com/jOOQ/jOOQ,268159,Java,2011-04-17T10:43:33Z,2024-04-29T16:28:40Z,2024-04-29T09:47:21Z,5894,1175,2032
5663857,jeremylong/DependencyCheck,https://github.com/jeremylong/DependencyCheck,252152,Java,2012-09-03T20:43:30Z,2024-04-29T13:49:42Z,2024-04-29T13:49:41Z,5881,1203,557
3786237,hazelcast/hazelcast,https://github.com/hazelcast/hazelcast,403718,Java,2012-03-21T12:25:18Z,2024-04-29T17:58:51Z,2024-04-29T17:58:46Z,5871,1793,1247
69400326,confluentinc/ksql,https://github.com/confluentinc/ksql,183654,Java,2016-09-27T21:30:15Z,2024-04-28T03:39:05Z,2024-04-30T02:20:04Z,5818,1033,1288
5244445,AntennaPod/AntennaPod,https://github.com/AntennaPod/AntennaPod,108997,Java,2012-07-31T10:25:08Z,2024-04-30T01:23:15Z,2024-04-29T20:56:07Z,5796,1327,276
867564,robolectric/robolectric,https://github.com/robolectric/robolectric,57925,Java,2010-08-28T00:28:25Z,2024-04-29T17:05:13Z,2024-04-29T17:05:04Z,5795,1355,533
20394581,daimajia/AndroidImageSlider,https://github.com/daimajia/AndroidImageSlider,2165,Java,2014-06-02T06:04:17Z,2024-04-29T05:43:06Z,2020-10-01T16:41:17Z,5641,1667,310
98499283,Col-E/Recaf,https://github.com/Col-E/Recaf,55824,Java,2017-07-27T06:01:10Z,2024-04-29T22:32:41Z,2024-04-29T21:23:53Z,5563,439,136
158256479,apache/iceberg,https://github.com/apache/iceberg,63210,Java,2018-11-19T16:26:46Z,2024-04-29T22:16:13Z,2024-04-29T18:54:57Z,5530,1995,1393
52054756,AriaLyy/Aria,https://github.com/AriaLyy/Aria,39452,Java,2016-02-19T02:16:07Z,2024-04-28T05:49:55Z,2024-03-05T10:54:37Z,5513,853,148
35448780,google/google-java-format,https://github.com/google/google-java-format,2011,Java,2015-05-11T20:38:28Z,2024-04-27T12:47:44Z,2024-04-15T16:57:01Z,5416,844,128
60377070,vespa-engine/vespa,https://github.com/vespa-engine/vespa,444531,Java,2016-06-03T20:54:20Z,2024-04-29T18:18:41Z,2024-04-29T18:18:37Z,5350,568,205
206444,apache/hive,https://github.com/apache/hive,694172,Java,2009-05-21T02:31:01Z,2024-04-30T00:06:45Z,2024-04-30T02:34:25Z,5333,4584,83
19641638,redis/lettuce,https://github.com/redis/lettuce,21832,Java,2014-05-10T13:08:46Z,2024-04-28T16:02:27Z,2024-04-26T12:03:13Z,5267,939,278
3548254,thinkaurelius/titan,https://github.com/thinkaurelius/titan,91250,Java,2012-02-25T22:53:53Z,2024-04-22T13:52:23Z,2022-10-19T07:57:00Z,5246,1014,181
377354200,opengoofy/hippo4j,https://github.com/opengoofy/hippo4j,22672,Java,2021-06-16T02:59:48Z,2024-04-29T17:59:50Z,2024-02-27T02:51:55Z,5186,1118,115
19961085,apache/pinot,https://github.com/apache/pinot,307089,Java,2014-05-19T23:27:48Z,2024-04-29T20:24:20Z,2024-04-30T01:11:10Z,5141,1205,1502
20089857,apache/hbase,https://github.com/apache/hbase,483380,Java,2014-05-23T07:00:07Z,2024-04-29T09:04:07Z,2024-04-29T21:06:53Z,5119,3289,227
77385607,JanusGraph/janusgraph,https://github.com/JanusGraph/janusgraph,60124,Java,2016-12-26T13:26:29Z,2024-04-29T12:24:20Z,2024-04-30T01:02:02Z,5096,1142,524
67328052,hyperledger/web3j,https://github.com/hyperledger/web3j,10320,Java,2016-09-04T05:48:49Z,2024-04-28T18:40:30Z,2024-04-25T19:40:11Z,4960,1631,134
25348756,dangdangdotcom/dubbox,https://github.com/dangdangdotcom/dubbox,7357,Java,2014-10-17T08:57:07Z,2024-04-26T06:02:07Z,2023-03-04T03:42:29Z,4908,2064,279
14514251,bitcoinj/bitcoinj,https://github.com/bitcoinj/bitcoinj,25710,Java,2013-11-19T04:33:23Z,2024-04-29T18:41:13Z,2024-04-29T22:17:02Z,4878,2436,455
97580115,natario1/CameraView,https://github.com/natario1/CameraView,30129,Java,2017-07-18T09:30:33Z,2024-04-28T07:19:23Z,2024-02-08T21:42:12Z,4856,910,116
21741891,spring-cloud/spring-cloud-netflix,https://github.com/spring-cloud/spring-cloud-netflix,20211,Java,2014-07-11T15:46:12Z,2024-04-29T14:43:29Z,2024-04-26T03:25:48Z,4847,2418,102
88024517,alibaba/jetcache,https://github.com/alibaba/jetcache,3790,Java,2017-04-12T07:48:23Z,2024-04-30T01:32:44Z,2024-04-16T07:25:08Z,4827,1021,354
4038949,traccar/traccar,https://github.com/traccar/traccar,22108,Java,2012-04-16T08:33:49Z,2024-04-30T02:20:58Z,2024-04-27T15:04:36Z,4805,2461,481
65681319,jagrosh/MusicBot,https://github.com/jagrosh/MusicBot,7743,Java,2016-08-14T18:46:29Z,2024-04-29T08:08:34Z,2024-04-27T19:19:31Z,4731,2386,200
7083240,orientechnologies/orientdb,https://github.com/orientechnologies/orientdb,265009,Java,2012-12-09T20:33:47Z,2024-04-29T19:17:54Z,2024-04-22T11:52:43Z,4694,867,295
31006158,apache/ignite,https://github.com/apache/ignite,432308,Java,2015-02-19T08:00:05Z,2024-04-29T16:27:23Z,2024-04-27T07:49:25Z,4690,1885,734
3480666,graphhopper/graphhopper,https://github.com/graphhopper/graphhopper,137112,Java,2012-02-18T19:57:38Z,2024-04-30T02:27:52Z,2024-04-29T18:26:58Z,4686,1508,235
46251204,line/armeria,https://github.com/line/armeria,211396,Java,2015-11-16T04:04:01Z,2024-04-29T16:32:23Z,2024-04-29T14:44:35Z,4675,888,666
4992906,pmd/pmd,https://github.com/pmd/pmd,476036,Java,2012-07-11T18:03:00Z,2024-04-29T16:34:40Z,2024-04-29T19:03:27Z,4666,1455,530
7296244,LWJGL/lwjgl3,https://github.com/LWJGL/lwjgl3,95208,Java,2012-12-23T15:40:04Z,2024-04-29T22:13:23Z,2023-12-18T14:33:58Z,4598,619,77
38835213,firebase/FirebaseUI-Android,https://github.com/firebase/FirebaseUI-Android,28211,Java,2015-07-09T17:31:09Z,2024-04-29T07:58:58Z,2024-03-22T15:11:14Z,4593,1826,115
57461213,runelite/runelite,https://github.com/runelite/runelite,71543,Java,2016-04-30T20:48:02Z,2024-04-29T11:59:15Z,2024-04-29T13:55:06Z,4579,5124,2049
2158982,querydsl/querydsl,https://github.com/querydsl/querydsl,51700,Java,2011-08-05T06:46:32Z,2024-04-29T06:55:57Z,2024-04-29T11:31:20Z,4571,860,128
869754,go-lang-plugin-org/go-lang-idea-plugin,https://github.com/go-lang-plugin-org/go-lang-idea-plugin,34753,Java,2010-08-29T08:20:01Z,2024-04-23T14:33:28Z,2018-08-11T19:54:16Z,4569,574,416
7616158,Netflix/ribbon,https://github.com/Netflix/ribbon,3499,Java,2013-01-15T01:08:04Z,2024-04-29T11:56:47Z,2024-03-04T18:55:39Z,4518,1236,218
58194180,strimzi/strimzi-kafka-operator,https://github.com/strimzi/strimzi-kafka-operator,73572,Java,2016-05-06T08:52:33Z,2024-04-29T16:49:10Z,2024-04-29T18:42:40Z,4465,1221,114
8426406,mock-server/mockserver,https://github.com/mock-server/mockserver,51913,Java,2013-02-26T06:09:52Z,2024-04-26T13:52:06Z,2024-04-21T17:03:17Z,4460,1047,224
195856796,GeyserMC/Geyser,https://github.com/GeyserMC/Geyser,26305,Java,2019-07-08T17:23:17Z,2024-04-29T22:52:35Z,2024-04-29T14:08:41Z,4448,642,253
6271421,azkaban/azkaban,https://github.com/azkaban/azkaban,57554,Java,2012-10-18T01:34:53Z,2024-04-29T05:22:30Z,2024-04-12T20:57:28Z,4404,1580,799
2019791,liquibase/liquibase,https://github.com/liquibase/liquibase,210780,Java,2011-07-08T20:08:20Z,2024-04-29T19:41:22Z,2024-04-29T20:10:47Z,4397,1781,658
6325420,killbill/killbill,https://github.com/killbill/killbill,680805,Java,2012-10-21T20:55:05Z,2024-04-29T10:32:45Z,2024-04-30T00:18:26Z,4393,733,203
73963835,spring-cloud/spring-cloud-gateway,https://github.com/spring-cloud/spring-cloud-gateway,11823,Java,2016-11-16T21:42:51Z,2024-04-29T08:15:56Z,2024-04-23T10:11:13Z,4375,3247,372
21193524,apache/calcite,https://github.com/apache/calcite,98445,Java,2014-06-25T07:00:07Z,2024-04-29T13:21:30Z,2024-04-29T22:36:17Z,4366,2283,331
87859908,micrometer-metrics/micrometer,https://github.com/micrometer-metrics/micrometer,33913,Java,2017-04-10T21:36:51Z,2024-04-29T14:07:54Z,2024-04-26T09:07:20Z,4334,949,240
87683712,zq2599/blog_demos,https://github.com/zq2599/blog_demos,205882,Java,2017-04-09T04:51:56Z,2024-04-28T12:43:03Z,2024-04-19T12:36:55Z,4322,1806,153
6275822,dreamhead/moco,https://github.com/dreamhead/moco,6024,Java,2012-10-18T09:09:51Z,2024-04-28T13:30:13Z,2024-04-28T13:30:07Z,4314,1076,140
15648899,aporter/coursera-android,https://github.com/aporter/coursera-android,22558,Java,2014-01-05T09:55:31Z,2024-04-25T23:33:05Z,2020-10-04T07:21:38Z,4278,5326,64
1258570,osmandapp/OsmAnd,https://github.com/osmandapp/OsmAnd,854087,Java,2011-01-15T19:59:44Z,2024-04-29T19:16:38Z,2024-04-29T19:16:34Z,4270,981,2762
158975124,apache/iotdb,https://github.com/apache/iotdb,240098,Java,2018-11-24T21:29:17Z,2024-04-29T18:55:10Z,2024-04-29T15:18:47Z,4262,959,408
110315174,codingapi/tx-lcn,https://github.com/codingapi/tx-lcn,14551,Java,2017-11-11T03:34:34Z,2024-04-28T03:34:06Z,2023-09-06T07:27:14Z,4207,1458,198
206483,apache/maven,https://github.com/apache/maven,61241,Java,2009-05-21T03:22:03Z,2024-04-29T13:54:30Z,2024-04-29T20:18:45Z,4134,2597,74
277485800,exadel-inc/CompreFace,https://github.com/exadel-inc/CompreFace,566306,Java,2020-07-06T08:29:43Z,2024-04-29T16:44:13Z,2024-04-29T06:30:01Z,4074,559,187
9653752,jitsi/jitsi,https://github.com/jitsi/jitsi,579325,Java,2013-04-24T17:37:20Z,2024-04-28T03:38:53Z,2024-04-16T14:48:06Z,4047,960,218
7420937,camunda/camunda-bpm-platform,https://github.com/camunda/camunda-bpm-platform,160624,Java,2013-01-03T10:10:31Z,2024-04-29T02:50:43Z,2024-04-29T14:54:56Z,3970,1488,881
9342529,crate/crate,https://github.com/crate/crate,148342,Java,2013-04-10T09:17:16Z,2024-04-29T17:14:46Z,2024-04-29T17:51:46Z,3962,547,293
127906883,DTStack/chunjun,https://github.com/DTStack/chunjun,127056,Java,2018-04-03T12:44:58Z,2024-04-29T06:18:40Z,2024-04-12T08:44:38Z,3899,1673,308
218396611,deepjavalibrary/djl,https://github.com/deepjavalibrary/djl,46919,Java,2019-10-29T22:38:54Z,2024-04-30T00:27:29Z,2024-04-30T00:30:20Z,3847,612,184
5391743,roboguice/roboguice,https://github.com/roboguice/roboguice,70278,Java,2012-08-12T20:37:19Z,2024-04-18T12:38:00Z,2017-01-19T21:02:22Z,3773,830,147
3333998,knowm/XChange,https://github.com/knowm/XChange,49085,Java,2012-02-02T10:48:28Z,2024-04-29T11:56:12Z,2024-04-29T19:18:22Z,3764,1905,345
2045207,jetty/jetty.project,https://github.com/jetty/jetty.project,249817,Java,2011-07-14T01:11:57Z,2024-04-27T13:13:13Z,2024-04-29T18:55:32Z,3753,1893,407
17960746,jMonkeyEngine/jmonkeyengine,https://github.com/jMonkeyEngine/jmonkeyengine,971781,Java,2014-03-20T22:29:28Z,2024-04-29T11:46:54Z,2024-04-24T01:33:26Z,3700,1106,226
67165904,lisawray/groupie,https://github.com/lisawray/groupie,678,Java,2016-09-01T20:59:35Z,2024-04-27T21:13:39Z,2023-10-03T04:12:10Z,3645,288,68
1438007,MovingBlocks/Terasology,https://github.com/MovingBlocks/Terasology,305563,Java,2011-03-04T03:49:19Z,2024-04-30T02:19:53Z,2024-04-29T21:34:37Z,3621,1319,477
176555805,shuzijun/leetcode-editor,https://github.com/shuzijun/leetcode-editor,30865,Java,2019-03-19T16:32:17Z,2024-04-29T14:52:02Z,2024-04-02T08:03:18Z,3617,395,108
28738447,apache/kylin,https://github.com/apache/kylin,525899,Java,2015-01-03T08:00:05Z,2024-04-27T04:22:36Z,2024-04-12T08:23:56Z,3602,1527,88
116309308,google/data-transfer-project,https://github.com/google/data-transfer-project,10411,Java,2018-01-04T21:27:57Z,2024-04-30T00:06:00Z,2024-04-30T00:05:56Z,3547,480,178
5103785,undertow-io/undertow,https://github.com/undertow-io/undertow,26510,Java,2012-07-19T00:52:44Z,2024-04-27T21:56:06Z,2024-04-29T19:47:44Z,3525,968,89
260634414,201206030/novel-plus,https://github.com/201206030/novel-plus,42663,Java,2020-05-02T07:15:43Z,2024-04-29T05:09:56Z,2024-03-03T03:11:09Z,3523,1261,73
172680589,zhkl0228/unidbg,https://github.com/zhkl0228/unidbg,589707,Java,2019-02-26T09:32:15Z,2024-04-29T09:58:03Z,2024-04-26T12:36:17Z,3470,899,322
3038937,FasterXML/jackson-databind,https://github.com/FasterXML/jackson-databind,77874,Java,2011-12-23T07:17:41Z,2024-04-30T01:31:01Z,2024-04-30T01:30:58Z,3456,1364,507
48880766,jtablesaw/tablesaw,https://github.com/jtablesaw/tablesaw,66167,Java,2016-01-01T14:58:28Z,2024-04-29T01:51:45Z,2024-04-19T14:22:23Z,3441,623,141
6789509,shopizer-ecommerce/shopizer,https://github.com/shopizer-ecommerce/shopizer,565949,Java,2012-11-21T03:42:39Z,2024-04-29T02:31:24Z,2024-04-25T04:50:26Z,3433,2909,516
17634071,JabRef/jabref,https://github.com/JabRef/jabref,225509,Java,2014-03-11T14:48:42Z,2024-04-30T01:13:39Z,2024-04-29T16:39:32Z,3393,2396,446
146285827,helidon-io/helidon,https://github.com/helidon-io/helidon,94907,Java,2018-08-27T11:03:52Z,2024-04-29T22:45:25Z,2024-04-29T20:52:46Z,3392,552,536
11233996,immutables/immutables,https://github.com/immutables/immutables,12824,Java,2013-07-07T13:48:23Z,2024-04-25T11:40:06Z,2024-03-01T00:16:11Z,3368,277,428
101451042,gsantner/markor,https://github.com/gsantner/markor,34331,Java,2017-08-26T00:08:35Z,2024-04-29T14:52:24Z,2024-04-21T18:06:49Z,3349,334,65
77675033,grpc-ecosystem/grpc-spring,https://github.com/grpc-ecosystem/grpc-spring,3798,Java,2016-12-30T09:06:15Z,2024-04-28T19:40:52Z,2024-04-26T06:14:27Z,3336,792,119
38829639,fabric8io/kubernetes-client,https://github.com/fabric8io/kubernetes-client,489693,Java,2015-07-09T15:43:13Z,2024-04-29T15:10:32Z,2024-04-29T19:35:00Z,3311,1438,125
10637896,apache/logging-log4j2,https://github.com/apache/logging-log4j2,88875,Java,2013-06-12T07:00:19Z,2024-04-29T18:03:26Z,2024-04-29T18:03:24Z,3272,1550,131
198368711,apache/linkis,https://github.com/apache/linkis,90143,Java,2019-07-23T06:41:51Z,2024-04-29T08:18:11Z,2024-04-27T14:31:38Z,3230,1132,218
2899580,AxonFramework/AxonFramework,https://github.com/AxonFramework/AxonFramework,44551,Java,2011-12-02T16:04:42Z,2024-04-29T17:02:03Z,2024-04-28T03:37:18Z,3230,775,97
38846351,danylovolokh/VideoPlayerManager,https://github.com/danylovolokh/VideoPlayerManager,236448,Java,2015-07-09T21:32:15Z,2024-04-15T15:44:18Z,2020-05-02T12:54:48Z,3149,746,93
35957057,oblador/react-native-keychain,https://github.com/oblador/react-native-keychain,1729,Java,2015-05-20T15:33:48Z,2024-04-29T19:01:24Z,2024-03-28T20:39:23Z,3083,501,221
88962042,TNG/ArchUnit,https://github.com/TNG/ArchUnit,16857,Java,2017-04-21T08:39:20Z,2024-04-29T20:24:24Z,2024-04-25T13:59:49Z,3064,279,123
54298946,camunda/zeebe,https://github.com/camunda/zeebe,258654,Java,2016-03-20T03:38:04Z,2024-04-29T20:34:47Z,2024-04-30T00:49:47Z,3031,546,766
223748401,WeBankFinTech/DataSphereStudio,https://github.com/WeBankFinTech/DataSphereStudio,246574,Java,2019-11-24T13:27:19Z,2024-04-28T09:25:25Z,2024-04-29T03:35:12Z,2951,984,352
1072845,spring-projects/spring-data-jpa,https://github.com/spring-projects/spring-data-jpa,13284,Java,2010-11-11T21:36:56Z,2024-04-29T16:17:22Z,2024-04-29T12:17:31Z,2897,1371,151
130612700,Querz/mcaselector,https://github.com/Querz/mcaselector,23393,Java,2018-04-22T22:23:26Z,2024-04-29T09:17:10Z,2024-04-23T19:21:33Z,2875,163,141
15187698,SpecialCyCi/AndroidResideMenu,https://github.com/SpecialCyCi/AndroidResideMenu,7008,Java,2013-12-14T15:25:49Z,2024-04-25T23:59:41Z,2020-11-14T15:08:05Z,2851,1103,100
20415251,docker-java/docker-java,https://github.com/docker-java/docker-java,7836,Java,2014-06-02T18:47:31Z,2024-04-29T12:24:41Z,2024-04-11T08:09:22Z,2802,1043,106
17488986,osmdroid/osmdroid,https://github.com/osmdroid/osmdroid,111304,Java,2014-03-06T19:03:48Z,2024-04-29T09:01:55Z,2024-04-18T21:20:06Z,2778,978,293
4063516,AnySoftKeyboard/AnySoftKeyboard,https://github.com/AnySoftKeyboard/AnySoftKeyboard,280316,Java,2012-04-18T12:38:01Z,2024-04-29T10:51:17Z,2024-04-27T02:34:21Z,2755,806,870
210029529,apache/maven-mvnd,https://github.com/apache/maven-mvnd,3207,Java,2019-09-21T17:49:30Z,2024-04-30T00:45:50Z,2024-04-29T08:17:20Z,2745,197,115
12853082,sannies/mp4parser,https://github.com/sannies/mp4parser,53567,Java,2013-09-15T21:37:40Z,2024-04-28T12:30:24Z,2024-01-11T06:48:01Z,2723,563,264
8918733,code-troopers/android-betterpickers,https://github.com/code-troopers/android-betterpickers,16810,Java,2013-03-21T01:45:18Z,2024-04-18T12:40:06Z,2020-04-01T12:50:44Z,2681,567,112
206378,apache/commons-lang,https://github.com/apache/commons-lang,26901,Java,2009-05-21T01:24:46Z,2024-04-28T07:40:15Z,2024-04-26T16:17:43Z,2662,1537,84
100402355,linkedin/cruise-control,https://github.com/linkedin/cruise-control,13876,Java,2017-08-15T17:32:10Z,2024-04-29T23:01:35Z,2024-04-21T15:14:38Z,2649,566,192
1089149,spring-projects/spring-batch,https://github.com/spring-projects/spring-batch,104458,Java,2010-11-17T17:53:45Z,2024-04-29T15:40:53Z,2024-04-29T14:03:26Z,2600,2281,288
197545351,Creators-of-Create/Create,https://github.com/Creators-of-Create/Create,68347,Java,2019-07-18T08:27:10Z,2024-04-29T14:52:44Z,2024-04-29T19:19:47Z,2596,854,2281
98801926,thombergs/code-examples,https://github.com/thombergs/code-examples,121387,Java,2017-07-30T14:12:24Z,2024-04-29T14:43:41Z,2024-04-29T12:07:45Z,2588,2601,120
18993042,bytedeco/javacpp-presets,https://github.com/bytedeco/javacpp-presets,688304,Java,2014-04-21T13:19:55Z,2024-04-30T00:33:05Z,2024-04-30T00:33:00Z,2579,716,231
141376301,apache/incubator-hugegraph,https://github.com/apache/incubator-hugegraph,26406,Java,2018-07-18T03:30:20Z,2024-04-29T16:24:48Z,2024-04-26T07:46:49Z,2550,499,309
102083576,apache/netbeans,https://github.com/apache/netbeans,399068,Java,2017-09-01T07:00:11Z,2024-04-29T21:12:04Z,2024-04-29T16:15:29Z,2545,814,802
8779606,assertj/assertj,https://github.com/assertj/assertj,46645,Java,2013-03-14T16:18:49Z,2024-04-28T18:01:05Z,2024-04-29T21:54:07Z,2539,675,265
72589714,yanzhenjie/Album,https://github.com/yanzhenjie/Album,69554,Java,2016-11-02T00:49:15Z,2024-04-23T07:21:47Z,2022-08-25T21:09:56Z,2500,504,134
13045763,konsoletyper/teavm,https://github.com/konsoletyper/teavm,110919,Java,2013-09-23T20:04:15Z,2024-04-29T18:19:56Z,2024-04-29T18:19:52Z,2483,255,162
6944525,linkedin/rest.li,https://github.com/linkedin/rest.li,26986,Java,2012-11-30T19:37:51Z,2024-04-25T15:35:51Z,2024-04-29T23:59:22Z,2437,541,95
20675636,apache/parquet-mr,https://github.com/apache/parquet-mr,14706,Java,2014-06-10T07:00:07Z,2024-04-30T00:15:34Z,2024-04-29T08:46:41Z,2413,1362,125
341631350,apache/lucene,https://github.com/apache/lucene,504083,Java,2021-02-23T17:16:56Z,2024-04-29T07:35:08Z,2024-04-29T13:49:04Z,2363,935,2207
123235,connectbot/connectbot,https://github.com/connectbot/connectbot,8587,Java,2009-02-06T17:52:35Z,2024-04-29T03:34:28Z,2024-04-26T23:52:42Z,2351,619,326
11457947,DependencyTrack/dependency-track,https://github.com/DependencyTrack/dependency-track,99288,Java,2013-07-16T19:16:43Z,2024-04-29T21:09:33Z,2024-04-29T21:38:09Z,2331,507,682
75165297,vipshop/Saturn,https://github.com/vipshop/Saturn,32300,Java,2016-11-30T08:06:30Z,2024-04-25T08:22:20Z,2023-01-12T05:36:31Z,2266,699,277
1937202,gitblit-org/gitblit,https://github.com/gitblit-org/gitblit,23548,Java,2011-06-22T19:54:49Z,2024-04-27T15:12:43Z,2023-10-31T20:23:51Z,2244,668,247
168183392,apache/incubator-seata-samples,https://github.com/apache/incubator-seata-samples,2935,Java,2019-01-29T16:01:42Z,2024-04-29T08:11:30Z,2024-04-29T08:25:50Z,2235,1896,182
26873147,confluentinc/kafka-rest,https://github.com/confluentinc/kafka-rest,14884,Java,2014-11-19T17:34:24Z,2024-04-29T02:25:54Z,2024-04-30T01:08:53Z,2224,638,257
93584426,manifold-systems/manifold,https://github.com/manifold-systems/manifold,126336,Java,2017-06-07T02:37:23Z,2024-04-29T20:44:15Z,2024-04-28T21:59:47Z,2223,120,66
50906927,tlaplus/tlaplus,https://github.com/tlaplus/tlaplus,142295,Java,2016-02-02T08:48:27Z,2024-04-27T22:40:22Z,2024-04-28T16:15:37Z,2208,180,260
146941185,firebase/firebase-android-sdk,https://github.com/firebase/firebase-android-sdk,42427,Java,2018-08-31T20:50:43Z,2024-04-29T17:17:47Z,2024-04-30T00:43:23Z,2198,552,408
27392543,apache/gobblin,https://github.com/apache/gobblin,132666,Java,2014-12-01T18:10:50Z,2024-04-26T23:50:10Z,2024-04-29T13:45:51Z,2190,742,124
50244301,vsch/flexmark-java,https://github.com/vsch/flexmark-java,156179,Java,2016-01-23T15:29:29Z,2024-04-27T13:03:02Z,2024-02-26T19:58:34Z,2184,259,139
131394823,apache/dubbo-samples,https://github.com/apache/dubbo-samples,17389,Java,2018-04-28T09:25:29Z,2024-04-29T09:38:29Z,2024-04-27T04:46:27Z,2170,1854,94
19730456,ethereum/ethereumj,https://github.com/ethereum/ethereumj,47979,Java,2014-05-13T07:50:14Z,2024-04-25T15:15:39Z,2022-02-24T15:16:54Z,2168,1084,92
42064055,avjinder/Minimal-Todo,https://github.com/avjinder/Minimal-Todo,17725,Java,2015-09-07T16:41:11Z,2024-04-27T14:12:06Z,2023-05-22T19:36:43Z,2165,1012,97
10416648,bcgit/bc-java,https://github.com/bcgit/bc-java,109674,Java,2013-06-01T02:38:42Z,2024-04-29T14:15:36Z,2024-04-29T16:04:38Z,2161,1088,260
34629135,nitaliano/react-native-mapbox-gl,https://github.com/nitaliano/react-native-mapbox-gl,16868,Java,2015-04-26T20:08:07Z,2024-04-14T21:21:59Z,2023-03-18T11:22:11Z,2153,702,224
9124858,hekailiang/squirrel,https://github.com/hekailiang/squirrel,3151,Java,2013-03-31T02:24:18Z,2024-04-19T19:08:47Z,2023-12-13T23:38:20Z,2151,536,69
29480568,speedment/speedment,https://github.com/speedment/speedment,26439,Java,2015-01-19T16:41:52Z,2024-04-28T09:18:35Z,2023-11-07T17:59:16Z,2080,224,95
2442457,apache/ambari,https://github.com/apache/ambari,369366,Java,2011-09-23T07:00:08Z,2024-04-27T02:17:09Z,2024-04-27T02:17:03Z,2076,1652,137
95247959,aws/aws-sdk-java-v2,https://github.com/aws/aws-sdk-java-v2,472407,Java,2017-06-23T18:56:01Z,2024-04-29T20:12:29Z,2024-04-29T21:14:12Z,2076,783,365
164091262,Qihoo360/Quicksql,https://github.com/Qihoo360/Quicksql,12393,Java,2019-01-04T10:06:25Z,2024-04-29T07:59:33Z,2022-10-25T23:52:06Z,2050,582,89
36840131,scouter-project/scouter,https://github.com/scouter-project/scouter,95538,Java,2015-06-04T01:19:31Z,2024-04-26T02:54:47Z,2024-04-20T14:47:37Z,2049,558,213
72604795,udacity/ud851-Sunshine,https://github.com/udacity/ud851-Sunshine,1033,Java,2016-11-02T04:42:26Z,2024-04-24T03:30:37Z,2023-12-15T02:55:06Z,2005,4540,88
61399845,synthetichealth/synthea,https://github.com/synthetichealth/synthea,654490,Java,2016-06-17T20:15:40Z,2024-04-29T20:23:41Z,2024-04-29T20:32:53Z,2002,599,184
67722017,google/copybara,https://github.com/google/copybara,12013,Java,2016-09-08T16:44:40Z,2024-04-24T15:31:26Z,2024-04-24T17:33:13Z,1989,245,79
17224514,ehcache/ehcache3,https://github.com/ehcache/ehcache3,21053,Java,2014-02-26T20:39:16Z,2024-04-26T17:46:43Z,2024-04-17T19:43:15Z,1966,575,112
63096822,pravega/pravega,https://github.com/pravega/pravega,49362,Java,2016-07-11T19:41:03Z,2024-04-23T21:28:28Z,2024-04-02T07:12:00Z,1966,402,244
64172164,flutter/flutter-intellij,https://github.com/flutter/flutter-intellij,161695,Java,2016-07-25T22:31:03Z,2024-04-29T07:24:12Z,2024-04-29T07:24:14Z,1945,309,695
93378797,youseries/ureport,https://github.com/youseries/ureport,99439,Java,2017-06-05T07:48:31Z,2024-04-27T12:53:36Z,2023-02-10T08:04:59Z,1942,821,194
745749,testng-team/testng,https://github.com/testng-team/testng,33226,Java,2010-06-28T23:10:17Z,2024-04-30T02:33:54Z,2024-04-29T15:52:23Z,1937,1000,252
97573661,apache/servicecomb-pack,https://github.com/apache/servicecomb-pack,15502,Java,2017-07-18T08:27:38Z,2024-04-25T08:08:35Z,2024-04-25T05:19:20Z,1925,437,83
59388335,LuckPerms/LuckPerms,https://github.com/LuckPerms/LuckPerms,14632,Java,2016-05-22T00:49:12Z,2024-04-29T19:06:04Z,2024-04-29T20:06:56Z,1916,494,109
21180741,hapifhir/hapi-fhir,https://github.com/hapifhir/hapi-fhir,977510,Java,2014-06-24T21:00:46Z,2024-04-29T15:16:19Z,2024-04-29T20:59:09Z,1905,1274,1016
229738,jdbi/jdbi,https://github.com/jdbi/jdbi,27487,Java,2009-06-17T16:36:36Z,2024-04-29T03:31:24Z,2024-04-15T18:37:05Z,1904,336,145
5683653,apache/drill,https://github.com/apache/drill,71237,Java,2012-09-05T07:00:26Z,2024-04-28T09:53:16Z,2024-04-28T21:06:22Z,1895,979,107
91674936,apache/servicecomb-java-chassis,https://github.com/apache/servicecomb-java-chassis,26846,Java,2017-05-18T09:29:30Z,2024-04-25T09:48:19Z,2024-04-29T01:04:50Z,1886,800,148
40628209,parse-community/Parse-SDK-Android,https://github.com/parse-community/Parse-SDK-Android,4429,Java,2015-08-12T22:57:48Z,2024-04-29T00:37:03Z,2024-02-18T12:33:26Z,1876,738,128
19706727,leibnitz27/cfr,https://github.com/leibnitz27/cfr,5292,Java,2014-05-12T16:39:42Z,2024-04-30T01:51:59Z,2022-08-12T07:31:33Z,1876,246,149
33457443,GlowstoneMC/Glowstone,https://github.com/GlowstoneMC/Glowstone,16301,Java,2015-04-05T22:30:55Z,2024-04-29T21:35:17Z,2023-09-28T19:12:55Z,1859,273,64
1575956,apache/bookkeeper,https://github.com/apache/bookkeeper,111349,Java,2011-04-06T07:00:07Z,2024-04-29T10:02:26Z,2024-04-29T14:16:45Z,1850,882,446
172750723,open-telemetry/opentelemetry-java,https://github.com/open-telemetry/opentelemetry-java,20647,Java,2019-02-26T16:43:36Z,2024-04-29T23:02:07Z,2024-04-29T23:05:40Z,1846,766,130
26181278,googleapis/google-cloud-java,https://github.com/googleapis/google-cloud-java,956871,Java,2014-11-04T17:57:16Z,2024-04-29T04:06:18Z,2024-04-29T19:26:22Z,1835,1050,90
18818296,pinterest/secor,https://github.com/pinterest/secor,3413,Java,2014-04-15T22:26:44Z,2024-04-22T08:31:43Z,2024-04-27T15:52:00Z,1835,541,218
70491053,OpenVidu/openvidu,https://github.com/OpenVidu/openvidu,196724,Java,2016-10-10T13:31:27Z,2024-04-28T14:32:11Z,2024-04-25T12:42:28Z,1798,457,90
4158448,magefree/mage,https://github.com/magefree/mage,821747,Java,2012-04-27T13:18:34Z,2024-04-29T13:53:47Z,2024-04-29T22:07:55Z,1767,741,1319
6293402,vaadin/framework,https://github.com/vaadin/framework,487510,Java,2012-10-19T10:41:30Z,2024-04-28T23:38:54Z,2024-04-29T14:04:46Z,1764,726,411
17939962,felHR85/UsbSerial,https://github.com/felHR85/UsbSerial,2025,Java,2014-03-20T11:23:57Z,2024-04-28T20:31:05Z,2023-07-20T13:01:06Z,1759,579,124
98013453,apache/atlas,https://github.com/apache/atlas,65643,Java,2017-07-22T07:00:08Z,2024-04-29T17:46:20Z,2024-04-19T07:23:30Z,1754,827,75
9759448,apache/cloudstack,https://github.com/apache/cloudstack,587181,Java,2013-04-29T22:27:12Z,2024-04-29T21:22:47Z,2024-04-29T21:37:41Z,1747,1054,597
33770699,primefaces/primefaces,https://github.com/primefaces/primefaces,136405,Java,2015-04-11T09:48:53Z,2024-04-29T20:14:14Z,2024-04-29T17:24:06Z,1739,741,93
47973088,gchq/Gaffer,https://github.com/gchq/Gaffer,210938,Java,2015-12-14T12:12:39Z,2024-04-29T07:59:38Z,2024-04-29T09:30:28Z,1734,354,142
210933087,open-telemetry/opentelemetry-java-instrumentation,https://github.com/open-telemetry/opentelemetry-java-instrumentation,177888,Java,2019-09-25T20:19:14Z,2024-04-29T18:02:17Z,2024-04-29T21:15:01Z,1719,756,404
13870893,linkedin/ambry,https://github.com/linkedin/ambry,32190,Java,2013-10-25T20:04:54Z,2024-04-29T22:40:06Z,2024-04-29T23:25:26Z,1717,272,139
91971028,nikita36078/J2ME-Loader,https://github.com/nikita36078/J2ME-Loader,19786,Java,2017-05-21T16:23:08Z,2024-04-28T16:16:33Z,2024-04-08T11:28:17Z,1699,193,171
41263775,npgall/cqengine,https://github.com/npgall/cqengine,11503,Java,2015-08-23T19:27:00Z,2024-04-25T16:59:05Z,2023-12-27T20:30:52Z,1678,247,78
71305435,VertaAI/modeldb,https://github.com/VertaAI/modeldb,55632,Java,2016-10-19T01:07:26Z,2024-04-26T06:33:10Z,2024-04-29T17:56:12Z,1669,283,168
43760104,metasfresh/metasfresh,https://github.com/metasfresh/metasfresh,299246,Java,2015-10-06T15:38:11Z,2024-04-29T16:04:27Z,2024-04-29T16:04:26Z,1636,563,2934
15717393,hcoles/pitest,https://github.com/hcoles/pitest,14627,Java,2014-01-07T21:34:34Z,2024-04-29T20:06:26Z,2024-04-18T16:48:07Z,1635,349,315
191290973,turms-im/turms,https://github.com/turms-im/turms,21654,Java,2019-06-11T04:01:39Z,2024-04-30T01:26:48Z,2024-04-29T13:13:11Z,1628,244,502
177212349,smithy-lang/smithy,https://github.com/smithy-lang/smithy,128509,Java,2019-03-22T21:38:10Z,2024-04-26T20:47:52Z,2024-04-29T06:49:49Z,1625,192,73
1388190,slapperwan/gh4a,https://github.com/slapperwan/gh4a,21048,Java,2011-02-20T02:47:49Z,2024-04-29T22:41:11Z,2024-02-02T13:02:23Z,1619,218,266
139907613,MarquezProject/marquez,https://github.com/MarquezProject/marquez,47243,Java,2018-07-05T22:43:20Z,2024-04-29T20:18:24Z,2024-04-29T20:20:46Z,1618,289,201
14370620,xuhuisheng/lemon,https://github.com/xuhuisheng/lemon,28649,Java,2013-11-13T17:11:49Z,2024-04-27T12:23:27Z,2022-11-25T00:42:06Z,1615,1575,80
27452807,broadinstitute/gatk,https://github.com/broadinstitute/gatk,473148,Java,2014-12-02T20:50:36Z,2024-04-26T18:40:09Z,2024-04-29T22:43:50Z,1604,573,1319
185908133,gnembon/fabric-carpet,https://github.com/gnembon/fabric-carpet,9137,Java,2019-05-10T02:54:10Z,2024-04-29T19:40:18Z,2024-04-29T19:54:11Z,1602,257,327
22321368,gaul/s3proxy,https://github.com/gaul/s3proxy,1626,Java,2014-07-27T20:32:24Z,2024-04-29T06:59:44Z,2024-04-01T23:18:46Z,1601,212,111
58488899,ocetnik/react-native-background-timer,https://github.com/ocetnik/react-native-background-timer,2051,Java,2016-05-10T19:42:56Z,2024-04-24T19:06:58Z,2023-10-25T15:45:46Z,1585,216,121
208698479,apache/eventmesh,https://github.com/apache/eventmesh,66171,Java,2019-09-16T03:04:56Z,2024-04-29T18:57:10Z,2024-04-29T17:19:48Z,1544,616,245
32103526,aimacode/aima-java,https://github.com/aimacode/aima-java,702009,Java,2015-03-12T21:25:57Z,2024-04-28T06:38:05Z,2023-12-20T15:19:37Z,1535,789,89
35775200,SundeepK/CompactCalendarView,https://github.com/SundeepK/CompactCalendarView,10259,Java,2015-05-17T17:19:25Z,2024-04-27T18:24:47Z,2024-03-22T09:43:28Z,1519,427,164
6084210,SpigotMC/BungeeCord,https://github.com/SpigotMC/BungeeCord,4704,Java,2012-10-05T01:01:56Z,2024-04-29T21:35:10Z,2024-04-28T20:56:18Z,1509,1089,385
2090979,spring-projects/spring-integration,https://github.com/spring-projects/spring-integration,71097,Java,2011-07-22T21:47:27Z,2024-04-29T17:30:48Z,2024-04-29T17:34:02Z,1506,1071,122
18988631,siddhi-io/siddhi,https://github.com/siddhi-io/siddhi,35130,Java,2014-04-21T09:51:36Z,2024-04-27T08:27:59Z,2024-03-12T06:16:07Z,1500,522,116
162236965,controlsfx/controlsfx,https://github.com/controlsfx/controlsfx,27892,Java,2018-12-18T05:52:08Z,2024-04-30T01:57:12Z,2024-03-30T08:35:24Z,1498,263,469
2681994,mitreid-connect/OpenID-Connect-Java-Spring-Server,https://github.com/mitreid-connect/OpenID-Connect-Java-Spring-Server,15301,Java,2011-10-31T16:39:24Z,2024-04-26T01:32:18Z,2024-03-14T11:50:41Z,1467,766,265
2078882,knowm/XChart,https://github.com/knowm/XChart,14896,Java,2011-07-20T15:56:44Z,2024-04-26T15:08:14Z,2024-04-26T18:45:06Z,1463,388,127
33801306,cincheo/jsweet,https://github.com/cincheo/jsweet,11022,Java,2015-04-12T03:14:30Z,2024-04-17T09:53:23Z,2023-12-16T06:27:18Z,1435,160,163
5793895,ebean-orm/ebean,https://github.com/ebean-orm/ebean,34035,Java,2012-09-13T11:49:56Z,2024-04-29T02:31:30Z,2024-04-17T12:02:56Z,1429,254,70
4459604,jknack/handlebars.java,https://github.com/jknack/handlebars.java,4293,Java,2012-05-27T03:22:22Z,2024-04-29T15:54:22Z,2024-04-29T14:10:32Z,1428,383,132
70994988,kalessil/phpinspectionsea,https://github.com/kalessil/phpinspectionsea,132845,Java,2016-10-15T15:08:36Z,2024-04-29T21:40:28Z,2024-04-29T17:58:05Z,1426,119,242
190664284,Netflix/mantis,https://github.com/Netflix/mantis,28342,Java,2019-06-06T23:44:48Z,2024-04-29T20:32:34Z,2024-04-30T00:09:29Z,1389,195,79
206414745,hyperledger/besu,https://github.com/hyperledger/besu,80308,Java,2019-09-04T21:11:20Z,2024-04-27T15:01:13Z,2024-04-29T21:46:00Z,1379,717,406
28992330,googleapis/google-http-java-client,https://github.com/googleapis/google-http-java-client,11483,Java,2015-01-09T00:00:41Z,2024-04-29T06:12:14Z,2024-04-29T09:30:53Z,1368,443,82
2028724,cgeo/cgeo,https://github.com/cgeo/cgeo,461733,Java,2011-07-11T06:02:47Z,2024-04-28T13:58:34Z,2024-04-29T20:25:55Z,1361,562,739
65175263,gradle/gradle-profiler,https://github.com/gradle/gradle-profiler,4176,Java,2016-08-08T05:32:30Z,2024-04-29T11:49:49Z,2024-04-03T12:30:47Z,1341,149,122
54624511,cuba-platform/cuba,https://github.com/cuba-platform/cuba,81758,Java,2016-03-24T07:55:56Z,2024-04-17T10:39:40Z,2024-04-10T09:17:12Z,1335,219,590
126076620,vmware/differential-datalog,https://github.com/vmware/differential-datalog,309115,Java,2018-03-20T20:14:11Z,2024-04-28T18:04:44Z,2023-07-07T21:56:01Z,1335,115,137
231533573,apache/inlong,https://github.com/apache/inlong,54764,Java,2020-01-03T07:13:14Z,2024-04-30T01:06:45Z,2024-04-30T02:33:44Z,1300,484,64
42751387,treasure-data/digdag,https://github.com/treasure-data/digdag,84991,Java,2015-09-18T23:18:08Z,2024-04-18T15:00:38Z,2024-02-25T01:02:36Z,1288,222,118
33421022,zstackio/zstack,https://github.com/zstackio/zstack,207802,Java,2015-04-04T21:29:29Z,2024-04-25T11:10:49Z,2024-02-20T06:44:00Z,1269,385,167
2999669,fusesource/mqtt-client,https://github.com/fusesource/mqtt-client,407,Java,2011-12-17T05:12:58Z,2024-04-16T06:19:11Z,2021-09-15T02:33:11Z,1265,367,92
15870488,VazkiiMods/Botania,https://github.com/VazkiiMods/Botania,112924,Java,2014-01-13T14:30:52Z,2024-04-29T11:24:27Z,2024-04-29T11:24:22Z,1237,483,129
102686416,BriData/DBus,https://github.com/BriData/DBus,53187,Java,2017-09-07T03:22:47Z,2024-04-22T06:54:26Z,2022-12-06T21:36:10Z,1211,558,99
1323052,jnr/jnr-ffi,https://github.com/jnr/jnr-ffi,6138,Java,2011-02-03T04:25:56Z,2024-04-29T18:27:38Z,2024-02-14T18:20:40Z,1201,151,96
6022685,jcodec/jcodec,https://github.com/jcodec/jcodec,132200,Java,2012-09-30T21:47:38Z,2024-04-29T11:14:23Z,2023-03-02T07:49:53Z,1194,311,239
7760890,SlimeKnights/TinkersConstruct,https://github.com/SlimeKnights/TinkersConstruct,65710,Java,2013-01-22T20:46:32Z,2024-04-29T19:18:09Z,2024-04-29T19:18:04Z,1188,748,78
16336212,glowroot/glowroot,https://github.com/glowroot/glowroot,34862,Java,2014-01-29T05:25:58Z,2024-04-26T18:23:12Z,2024-04-07T14:22:23Z,1188,299,235
75422566,Netflix/hollow,https://github.com/Netflix/hollow,24019,Java,2016-12-02T18:56:43Z,2024-04-29T19:34:00Z,2024-04-22T17:43:17Z,1157,207,129
27523092,opennetworkinglab/onos,https://github.com/opennetworkinglab/onos,174859,Java,2014-12-04T04:32:00Z,2024-04-29T16:33:46Z,2023-03-03T11:33:14Z,1152,755,70
38302768,davidohayon669/react-native-youtube,https://github.com/davidohayon669/react-native-youtube,1770,Java,2015-06-30T10:23:38Z,2024-04-18T18:25:05Z,2023-07-24T09:21:41Z,1152,474,144
419152443,onthegomap/planetiler,https://github.com/onthegomap/planetiler,55116,Java,2021-10-20T01:59:38Z,2024-04-28T16:36:08Z,2024-04-29T08:31:40Z,1150,98,66
114859883,apache/plc4x,https://github.com/apache/plc4x,120840,Java,2017-12-20T08:00:09Z,2024-04-29T10:11:23Z,2024-04-29T10:11:20Z,1148,385,79
23770421,SpongePowered/SpongeAPI,https://github.com/SpongePowered/SpongeAPI,18738,Java,2014-09-07T20:39:25Z,2024-04-29T08:57:12Z,2024-04-29T16:18:33Z,1128,346,146
61667990,intuit/wasabi,https://github.com/intuit/wasabi,19421,Java,2016-06-21T21:21:06Z,2024-04-27T03:20:35Z,2023-05-26T10:25:00Z,1128,239,125
26125896,vojtechhabarta/typescript-generator,https://github.com/vojtechhabarta/typescript-generator,14456,Java,2014-11-03T15:49:48Z,2024-04-29T03:38:51Z,2024-04-22T14:51:13Z,1105,235,113
146109896,prscX/react-native-photo-editor,https://github.com/prscX/react-native-photo-editor,18100,Java,2018-08-25T16:09:26Z,2024-04-29T00:30:51Z,2023-06-01T10:02:41Z,1104,241,106
617210,hub4j/github-api,https://github.com/hub4j/github-api,50608,Java,2010-04-19T04:13:03Z,2024-04-28T09:43:08Z,2024-04-29T10:38:51Z,1099,711,154
48046454,hazelcast/hazelcast-jet,https://github.com/hazelcast/hazelcast-jet,179025,Java,2015-12-15T14:01:14Z,2024-04-24T07:26:02Z,2024-03-06T16:09:02Z,1090,206,126
26628954,vert-x3/vertx-web,https://github.com/vert-x3/vertx-web,22272,Java,2014-11-14T08:15:20Z,2024-04-26T18:49:57Z,2024-04-15T10:59:06Z,1087,519,137
4604367,sirixdb/sirix,https://github.com/sirixdb/sirix,152194,Java,2012-06-09T02:22:14Z,2024-04-27T14:50:39Z,2024-04-20T16:02:28Z,1084,235,95
2948043,resteasy/resteasy,https://github.com/resteasy/resteasy,75268,Java,2011-12-09T15:15:43Z,2024-04-23T20:44:44Z,2024-04-27T00:05:59Z,1082,887,64
39469487,spring-cloud/spring-cloud-dataflow,https://github.com/spring-cloud/spring-cloud-dataflow,69163,Java,2015-07-21T20:56:11Z,2024-04-29T16:41:07Z,2024-04-29T18:26:51Z,1071,574,292
2524488,apache/accumulo,https://github.com/apache/accumulo,101753,Java,2011-10-06T07:00:09Z,2024-04-29T19:32:17Z,2024-04-29T19:33:17Z,1045,443,300
2044029,Netflix/astyanax,https://github.com/Netflix/astyanax,6987,Java,2011-07-13T20:24:30Z,2024-04-02T17:40:52Z,2024-03-04T12:30:05Z,1034,356,157
28589709,sakaiproject/sakai,https://github.com/sakaiproject/sakai,510608,Java,2014-12-29T11:14:17Z,2024-04-29T08:16:16Z,2024-04-29T18:50:58Z,1028,900,76
66311167,microsoft/mssql-jdbc,https://github.com/microsoft/mssql-jdbc,15951,Java,2016-08-22T21:58:47Z,2024-04-25T11:46:44Z,2024-04-26T21:38:37Z,1026,415,74
27507850,batfish/batfish,https://github.com/batfish/batfish,390049,Java,2014-12-03T21:10:18Z,2024-04-26T18:52:09Z,2024-04-29T02:30:21Z,1026,224,268
341374920,apache/solr,https://github.com/apache/solr,508008,Java,2021-02-23T00:12:42Z,2024-04-29T12:09:42Z,2024-04-29T16:25:54Z,1015,607,210
20473418,apache/phoenix,https://github.com/apache/phoenix,82214,Java,2014-06-04T07:00:08Z,2024-04-28T03:19:33Z,2024-04-29T17:28:23Z,1011,995,121
38488726,typetools/checker-framework,https://github.com/typetools/checker-framework,232990,Java,2015-07-03T11:09:17Z,2024-04-29T07:32:44Z,2024-04-29T19:48:01Z,980,346,366
16148181,TomRoush/PdfBox-Android,https://github.com/TomRoush/PdfBox-Android,74383,Java,2014-01-22T18:29:09Z,2024-04-29T16:35:09Z,2024-03-18T20:51:33Z,969,252,112
38764029,spring-cloud/spring-cloud-stream,https://github.com/spring-cloud/spring-cloud-stream,17824,Java,2015-07-08T15:51:38Z,2024-04-29T22:34:13Z,2024-04-29T22:34:10Z,961,594,100
42032884,commons-app/apps-android-commons,https://github.com/commons-app/apps-android-commons,281817,Java,2015-09-07T05:23:27Z,2024-04-29T12:02:18Z,2024-04-30T01:13:29Z,960,1169,550
3564955,locationtech/spatial4j,https://github.com/locationtech/spatial4j,14042,Java,2012-02-27T21:22:30Z,2024-04-27T10:55:50Z,2023-04-07T06:10:29Z,924,165,73
9279386,Haehnchen/idea-php-symfony2-plugin,https://github.com/Haehnchen/idea-php-symfony2-plugin,14879,Java,2013-04-07T16:25:16Z,2024-04-29T18:34:23Z,2024-04-29T18:34:19Z,910,137,400
198041727,OpenTracksApp/OpenTracks,https://github.com/OpenTracksApp/OpenTracks,93903,Java,2019-07-21T10:14:34Z,2024-04-29T21:52:54Z,2024-04-29T05:53:25Z,906,180,87
1711467,Impetus/kundera,https://github.com/Impetus/kundera,30689,Java,2011-05-06T13:57:57Z,2024-04-11T09:38:36Z,2020-02-11T05:50:27Z,902,234,175
3664810,spring-projects/spring-data-rest,https://github.com/spring-projects/spring-data-rest,12826,Java,2012-03-08T21:55:39Z,2024-04-28T06:17:15Z,2024-04-12T08:53:05Z,899,535,781
147747963,apple/servicetalk,https://github.com/apple/servicetalk,62977,Java,2018-09-07T00:14:48Z,2024-04-26T17:20:44Z,2024-04-26T17:20:39Z,890,171,76
1547663,archimatetool/archi,https://github.com/archimatetool/archi,163174,Java,2011-03-30T19:18:13Z,2024-04-29T05:57:04Z,2024-04-23T11:05:56Z,888,264,164
316752534,jreleaser/jreleaser,https://github.com/jreleaser/jreleaser,15360,Java,2020-11-28T14:33:15Z,2024-04-29T18:12:56Z,2024-04-29T18:12:53Z,885,99,77
7465720,selendroid/selendroid,https://github.com/selendroid/selendroid,15774,Java,2013-01-06T08:29:32Z,2024-04-22T14:37:44Z,2021-08-02T17:00:21Z,880,433,154
44565647,pwm-project/pwm,https://github.com/pwm-project/pwm,144570,Java,2015-10-19T21:38:14Z,2024-04-24T14:24:05Z,2023-12-23T20:38:24Z,877,246,160
23322482,OfficeDev/ews-java-api,https://github.com/OfficeDev/ews-java-api,12113,Java,2014-08-25T17:33:09Z,2024-04-16T00:46:58Z,2024-03-28T11:56:18Z,865,557,346
22305416,apache/ranger,https://github.com/apache/ranger,114407,Java,2014-07-27T07:00:08Z,2024-04-29T19:56:54Z,2024-04-25T22:27:48Z,859,914,169
43976244,amazon-ion/ion-java,https://github.com/amazon-ion/ion-java,8993,Java,2015-10-09T19:36:00Z,2024-04-29T22:31:23Z,2024-04-29T23:32:09Z,859,111,156
210579021,apache/hop,https://github.com/apache/hop,180093,Java,2019-09-24T10:48:12Z,2024-04-29T20:14:43Z,2024-04-29T20:14:38Z,858,324,700
269394176,google/tsunami-security-scanner-plugins,https://github.com/google/tsunami-security-scanner-plugins,11500,Java,2020-06-04T15:19:25Z,2024-04-29T16:23:57Z,2024-04-29T21:28:05Z,855,174,143
42369667,everit-org/json-schema,https://github.com/everit-org/json-schema,2555,Java,2015-09-12T19:14:35Z,2024-04-24T14:57:14Z,2024-04-07T11:37:46Z,850,284,75
14051004,IQSS/dataverse,https://github.com/IQSS/dataverse,143826,Java,2013-11-01T18:47:39Z,2024-04-25T18:00:40Z,2024-04-29T15:59:54Z,846,475,1198
44467072,collinsmith/riiablo,https://github.com/collinsmith/riiablo,28963,Java,2015-10-18T05:41:54Z,2024-04-29T15:12:33Z,2024-04-02T23:27:40Z,844,97,78
3743376,DSpace/DSpace,https://github.com/DSpace/DSpace,169575,Java,2012-03-16T21:44:52Z,2024-04-29T22:01:56Z,2024-04-29T22:09:37Z,840,1280,637
254450741,projectnessie/nessie,https://github.com/projectnessie/nessie,181534,Java,2020-04-09T18:39:03Z,2024-04-29T21:48:29Z,2024-04-30T00:09:10Z,835,115,113
12319410,apiman/apiman,https://github.com/apiman/apiman,64370,Java,2013-08-23T09:29:20Z,2024-04-23T20:56:41Z,2024-03-17T00:43:18Z,831,351,247
348082508,Fabricators-of-Create/Create,https://github.com/Fabricators-of-Create/Create,79349,Java,2021-03-15T18:34:15Z,2024-04-28T12:23:33Z,2024-04-20T13:48:35Z,824,184,112
20882897,OpenGamma/Strata,https://github.com/OpenGamma/Strata,43885,Java,2014-06-16T11:45:55Z,2024-04-28T02:24:47Z,2024-04-29T13:39:09Z,819,272,86
288550742,stargate/stargate,https://github.com/stargate/stargate,16246,Java,2020-08-18T19:51:59Z,2024-04-27T19:10:16Z,2024-04-16T23:01:53Z,804,156,68
777444,jolokia/jolokia,https://github.com/jolokia/jolokia,25728,Java,2010-07-15T20:08:44Z,2024-04-25T07:32:18Z,2024-04-25T07:32:14Z,803,217,111
28924109,yegor256/takes,https://github.com/yegor256/takes,32188,Java,2015-01-07T16:57:47Z,2024-04-22T03:40:22Z,2024-04-16T19:45:24Z,795,194,78
25979437,pippo-java/pippo,https://github.com/pippo-java/pippo,3896,Java,2014-10-30T16:23:30Z,2024-03-31T14:15:22Z,2023-03-22T18:46:33Z,784,129,64
207384523,tensorflow/java,https://github.com/tensorflow/java,20476,Java,2019-09-09T19:07:20Z,2024-04-29T08:10:00Z,2024-04-16T11:41:35Z,768,188,175
212382406,apache/ozone,https://github.com/apache/ozone,83621,Java,2019-10-02T15:56:19Z,2024-04-29T15:29:14Z,2024-04-29T18:41:18Z,762,471,80
135579677,odpi/egeria,https://github.com/odpi/egeria,527332,Java,2018-05-31T12:18:34Z,2024-04-25T16:10:35Z,2024-04-25T16:53:33Z,761,257,64
64976505,farmerbb/Taskbar,https://github.com/farmerbb/Taskbar,5185,Java,2016-08-05T00:41:01Z,2024-04-28T12:16:54Z,2023-11-23T02:26:51Z,753,126,137
62894057,bazelbuild/intellij,https://github.com/bazelbuild/intellij,163622,Java,2016-07-08T14:19:29Z,2024-04-25T03:23:36Z,2024-04-29T18:16:21Z,749,291,493
27947499,actframework/actframework,https://github.com/actframework/actframework,16399,Java,2014-12-13T03:05:03Z,2024-04-28T07:13:54Z,2023-04-13T17:19:42Z,746,125,191
1943040,jeffheaton/encog-java-core,https://github.com/jeffheaton/encog-java-core,32251,Java,2011-06-23T17:44:40Z,2024-04-27T00:45:21Z,2023-03-30T08:26:33Z,743,268,69
22542759,cdapio/cdap,https://github.com/cdapio/cdap,637933,Java,2014-08-02T09:00:10Z,2024-04-26T06:36:28Z,2024-04-29T18:40:42Z,735,339,108
82077268,spring-projects/spring-data-relational,https://github.com/spring-projects/spring-data-relational,10733,Java,2017-02-15T15:47:29Z,2024-04-29T09:35:49Z,2024-04-29T19:11:28Z,728,336,176
5168907,ignatov/intellij-erlang,https://github.com/ignatov/intellij-erlang,71365,Java,2012-07-24T17:41:30Z,2024-04-28T08:31:06Z,2024-04-16T22:39:45Z,726,118,246
24657977,mezz/JustEnoughItems,https://github.com/mezz/JustEnoughItems,8315,Java,2014-09-30T22:26:10Z,2024-04-24T04:23:00Z,2024-03-28T23:12:44Z,724,288,242
47184968,adobe/aem-core-wcm-components,https://github.com/adobe/aem-core-wcm-components,29277,Java,2015-12-01T11:25:24Z,2024-04-26T18:52:49Z,2024-04-29T20:18:31Z,711,731,370
28609126,support-project/knowledge,https://github.com/support-project/knowledge,19386,Java,2014-12-29T22:44:55Z,2024-04-21T08:38:29Z,2022-09-08T00:38:37Z,707,185,149
45006285,NASAWorldWind/WorldWindJava,https://github.com/NASAWorldWind/WorldWindJava,128461,Java,2015-10-27T00:18:02Z,2024-04-24T03:32:28Z,2024-04-15T23:14:57Z,705,320,149
60979397,spring-cloud/spring-cloud-contract,https://github.com/spring-cloud/spring-cloud-contract,135815,Java,2016-06-12T17:11:44Z,2024-04-17T08:35:14Z,2024-03-27T14:57:08Z,703,434,74
40213809,getodk/collect,https://github.com/getodk/collect,98350,Java,2015-08-04T23:21:33Z,2024-04-29T15:58:05Z,2024-04-29T15:58:00Z,698,1338,230
132733058,gluonhq/scenebuilder,https://github.com/gluonhq/scenebuilder,9356,Java,2018-05-09T09:22:59Z,2024-04-28T10:10:45Z,2024-04-16T05:32:46Z,693,217,210
27401779,spring-cloud/spring-cloud-commons,https://github.com/spring-cloud/spring-cloud-commons,15077,Java,2014-12-01T21:52:43Z,2024-04-27T09:21:15Z,2024-04-25T13:49:46Z,689,688,148
21765334,Blazebit/blaze-persistence,https://github.com/Blazebit/blaze-persistence,37634,Java,2014-07-12T11:08:47Z,2024-04-29T05:00:57Z,2024-04-19T13:21:16Z,684,81,309
2708082,chocoteam/choco-solver,https://github.com/chocoteam/choco-solver,86034,Java,2011-11-04T09:09:18Z,2024-04-29T13:26:03Z,2024-04-24T13:44:41Z,673,135,66
25169896,HubSpot/jinjava,https://github.com/HubSpot/jinjava,6374,Java,2014-10-13T17:39:22Z,2024-04-29T14:52:14Z,2024-04-22T15:27:09Z,666,168,104
5225735,la-team/light-admin,https://github.com/la-team/light-admin,23829,Java,2012-07-29T21:21:10Z,2024-04-16T00:43:31Z,2020-06-15T20:53:45Z,664,256,94
80644284,KyoriPowered/adventure,https://github.com/KyoriPowered/adventure,6611,Java,2017-02-01T17:21:28Z,2024-04-29T19:15:45Z,2024-04-29T19:15:42Z,657,99,106
177104472,sofastack/sofa-registry,https://github.com/sofastack/sofa-registry,9399,Java,2019-03-22T08:49:22Z,2024-04-20T12:43:23Z,2024-03-18T02:44:03Z,643,243,94
511297,hector-client/hector,https://github.com/hector-client/hector,36704,Java,2010-02-10T14:32:34Z,2024-03-31T14:11:41Z,2022-02-26T00:46:49Z,642,298,130
30419413,eclipse-leshan/leshan,https://github.com/eclipse-leshan/leshan,12081,Java,2015-02-06T15:44:24Z,2024-04-25T12:50:25Z,2024-04-26T08:50:53Z,632,401,88
18845068,google/closure-templates,https://github.com/google/closure-templates,75146,Java,2014-04-16T15:31:58Z,2024-04-29T20:43:17Z,2024-04-29T20:43:16Z,632,194,188
147802356,Consensys/teku,https://github.com/Consensys/teku,531763,Java,2018-09-07T09:30:05Z,2024-04-30T00:18:50Z,2024-04-30T00:18:47Z,630,244,136
12960439,CorfuDB/CorfuDB,https://github.com/CorfuDB/CorfuDB,529323,Java,2013-09-19T22:02:36Z,2024-04-25T00:35:28Z,2024-04-27T00:22:15Z,628,121,181
68379040,database-rider/database-rider,https://github.com/database-rider/database-rider,17730,Java,2016-09-16T12:47:36Z,2024-04-28T04:53:54Z,2024-04-29T08:48:51Z,620,126,67
3416578,igvteam/igv,https://github.com/igvteam/igv,446478,Java,2012-02-11T17:30:30Z,2024-04-18T06:23:14Z,2024-04-13T02:03:12Z,609,377,133
105563335,syndesisio/syndesis,https://github.com/syndesisio/syndesis,204965,Java,2017-10-02T17:26:55Z,2024-04-27T16:14:29Z,2024-01-13T05:58:59Z,589,204,100
11830269,strongbox/strongbox,https://github.com/strongbox/strongbox,20151,Java,2013-08-01T23:27:37Z,2024-04-22T16:58:28Z,2023-12-03T10:22:44Z,584,615,255
67999496,gentics/mesh,https://github.com/gentics/mesh,304508,Java,2016-09-12T10:28:41Z,2024-04-26T08:32:15Z,2024-04-29T09:49:14Z,567,117,120
4681328,airlift/airlift,https://github.com/airlift/airlift,29029,Java,2012-06-16T00:33:13Z,2024-04-26T17:59:34Z,2024-04-29T13:26:44Z,566,320,103
143344440,FoundationDB/fdb-record-layer,https://github.com/FoundationDB/fdb-record-layer,23810,Java,2018-08-02T20:59:44Z,2024-04-29T20:54:47Z,2024-04-29T20:54:42Z,564,99,373
99116944,m2049r/xmrwallet,https://github.com/m2049r/xmrwallet,78729,Java,2017-08-02T13:01:55Z,2024-04-28T22:24:39Z,2024-04-29T15:14:39Z,562,273,189
162610309,IntellectualSites/FastAsyncWorldEdit,https://github.com/IntellectualSites/FastAsyncWorldEdit,45623,Java,2018-12-20T17:22:31Z,2024-04-29T03:33:29Z,2024-04-29T03:33:26Z,562,200,83
276025804,openlookeng/hetu-core,https://github.com/openlookeng/hetu-core,66093,Java,2020-06-30T07:14:20Z,2024-04-22T03:36:57Z,2023-10-30T15:16:13Z,561,419,148
127004420,inception-project/inception,https://github.com/inception-project/inception,120708,Java,2018-03-27T15:04:00Z,2024-04-28T19:18:21Z,2024-04-29T20:20:56Z,561,147,271
1765693,cometd/cometd,https://github.com/cometd/cometd,27422,Java,2011-05-18T11:55:11Z,2024-04-25T15:27:36Z,2024-04-29T20:04:56Z,560,207,69
121236494,elastic/apm-agent-java,https://github.com/elastic/apm-agent-java,26042,Java,2018-02-12T11:05:32Z,2024-04-29T09:57:55Z,2024-04-29T17:17:34Z,559,311,173
34809191,vaadin/flow,https://github.com/vaadin/flow,197397,Java,2015-04-29T17:54:35Z,2024-04-29T12:57:16Z,2024-04-30T01:19:51Z,559,158,1167
120152712,AlphaWallet/alpha-wallet-android,https://github.com/AlphaWallet/alpha-wallet-android,65303,Java,2018-02-04T03:50:02Z,2024-04-29T00:39:12Z,2024-04-23T12:51:14Z,557,502,297
8271291,yegor256/rultor,https://github.com/yegor256/rultor,94527,Java,2013-02-18T15:39:50Z,2024-04-29T23:44:13Z,2024-04-29T23:44:47Z,554,156,120
150133859,google/graphicsfuzz,https://github.com/google/graphicsfuzz,10154,Java,2018-09-24T16:31:05Z,2024-04-06T05:27:06Z,2024-03-20T15:42:36Z,550,116,106
100995928,PlayPro/CoreProtect,https://github.com/PlayPro/CoreProtect,714,Java,2017-08-21T21:59:13Z,2024-04-25T20:05:52Z,2024-04-25T20:19:36Z,542,240,109
130603282,apache/streampipes,https://github.com/apache/streampipes,321963,Java,2018-04-22T20:06:55Z,2024-04-29T06:28:11Z,2024-04-30T00:59:53Z,542,168,179
116999027,NationalSecurityAgency/datawave,https://github.com/NationalSecurityAgency/datawave,95453,Java,2018-01-10T19:05:58Z,2024-04-29T18:11:41Z,2024-04-30T00:59:44Z,535,234,346
28364230,dubreuia/intellij-plugin-save-actions,https://github.com/dubreuia/intellij-plugin-save-actions,1561,Java,2014-12-22T23:03:55Z,2024-04-25T03:23:03Z,2023-08-15T08:59:49Z,530,102,72
197192301,Apicurio/apicurio-registry,https://github.com/Apicurio/apicurio-registry,41005,Java,2019-07-16T12:44:20Z,2024-04-29T13:31:15Z,2024-04-29T21:09:17Z,525,246,221
89221572,DataDog/dd-trace-java,https://github.com/DataDog/dd-trace-java,243237,Java,2017-04-24T09:24:40Z,2024-04-29T16:34:29Z,2024-04-29T21:56:51Z,523,263,249
84979119,firebase/firebase-admin-java,https://github.com/firebase/firebase-admin-java,2837,Java,2017-03-14T17:39:54Z,2024-04-29T19:48:11Z,2024-04-29T22:29:49Z,513,247,74
7177096,Railcraft/Railcraft,https://github.com/Railcraft/Railcraft,15819,Java,2012-12-15T07:42:00Z,2024-04-25T12:22:01Z,2023-09-20T04:01:42Z,504,192,163
20448696,locationtech/geowave,https://github.com/locationtech/geowave,982131,Java,2014-06-03T15:39:29Z,2024-04-14T06:01:30Z,2023-06-13T23:06:08Z,493,190,88
6403019,oVirt/ovirt-engine,https://github.com/oVirt/ovirt-engine,333321,Java,2012-10-26T11:48:34Z,2024-04-29T20:37:37Z,2024-04-26T16:24:31Z,480,258,120
174306645,apache/incubator-kie-kogito-runtimes,https://github.com/apache/incubator-kie-kogito-runtimes,293196,Java,2019-03-07T08:49:09Z,2024-04-27T10:22:48Z,2024-04-29T17:01:06Z,480,186,80
70856121,thelastpickle/cassandra-reaper,https://github.com/thelastpickle/cassandra-reaper,54954,Java,2016-10-13T23:25:17Z,2024-04-25T20:28:28Z,2024-04-18T11:38:16Z,472,208,192
193179639,BiscuitDevelopment/SkyblockAddons,https://github.com/BiscuitDevelopment/SkyblockAddons,18015,Java,2019-06-22T01:56:34Z,2024-04-29T10:16:03Z,2023-12-09T08:29:00Z,469,248,92
157569792,dekorateio/dekorate,https://github.com/dekorateio/dekorate,18564,Java,2018-11-14T15:30:03Z,2024-04-24T10:41:40Z,2024-04-14T14:42:28Z,465,99,77
3945055,Waffle/waffle,https://github.com/Waffle/waffle,185741,Java,2012-04-05T23:18:03Z,2024-04-29T05:29:57Z,2024-04-29T08:10:22Z,460,184,64
285281777,jmix-framework/jmix,https://github.com/jmix-framework/jmix,120052,Java,2020-08-05T12:29:27Z,2024-04-27T14:41:32Z,2024-04-28T14:05:56Z,459,110,615
250953582,Moulberry/NotEnoughUpdates,https://github.com/Moulberry/NotEnoughUpdates,319477,Java,2020-03-29T04:31:16Z,2024-04-28T03:45:44Z,2024-04-29T17:49:32Z,457,238,195
197611324,micronaut-projects/micronaut-data,https://github.com/micronaut-projects/micronaut-data,186043,Java,2019-07-18T15:18:18Z,2024-04-26T13:42:02Z,2024-04-29T14:38:07Z,457,193,188
2057742,Multibit-Legacy/multibit,https://github.com/Multibit-Legacy/multibit,148446,Java,2011-07-16T12:03:59Z,2024-04-29T21:30:49Z,2023-06-26T04:07:40Z,452,391,83
13325401,Adobe-Consulting-Services/acs-aem-commons,https://github.com/Adobe-Consulting-Services/acs-aem-commons,28078,Java,2013-10-04T13:50:05Z,2024-04-27T12:50:46Z,2024-04-26T18:21:31Z,446,593,256
15861701,apache/helix,https://github.com/apache/helix,42913,Java,2014-01-13T08:00:06Z,2024-04-25T22:47:08Z,2024-04-25T22:47:03Z,443,216,66
500806,citrusframework/citrus,https://github.com/citrusframework/citrus,86856,Java,2010-02-03T15:32:30Z,2024-04-27T17:01:44Z,2024-04-26T10:48:59Z,441,136,168
69562331,ls1intum/Artemis,https://github.com/ls1intum/Artemis,354743,Java,2016-09-29T11:46:05Z,2024-04-29T18:59:20Z,2024-04-30T00:12:49Z,437,276,540
21910770,arnaudroger/SimpleFlatMapper,https://github.com/arnaudroger/SimpleFlatMapper,10829,Java,2014-07-16T17:44:33Z,2024-04-20T17:43:16Z,2024-04-01T06:09:46Z,434,76,146
98690886,Innoxia/liliths-throne-public,https://github.com/Innoxia/liliths-throne-public,335989,Java,2017-07-28T21:51:29Z,2024-04-21T13:08:04Z,2024-04-28T10:15:59Z,432,422,671
72789844,jenkinsci/pipeline-aws-plugin,https://github.com/jenkinsci/pipeline-aws-plugin,1168,Java,2016-11-03T21:47:14Z,2024-04-06T03:21:09Z,2024-03-28T19:18:19Z,425,200,80
14567924,lumifyio/lumify,https://github.com/lumifyio/lumify,78123,Java,2013-11-20T20:18:21Z,2024-03-31T14:14:16Z,2017-07-11T15:33:44Z,420,242,265
460537559,spring-projects-experimental/spring-boot-migrator,https://github.com/spring-projects-experimental/spring-boot-migrator,91105,Java,2022-02-17T17:26:36Z,2024-04-29T06:51:38Z,2024-02-02T22:05:57Z,415,88,79
33250810,GwtMaterialDesign/gwt-material,https://github.com/GwtMaterialDesign/gwt-material,9385,Java,2015-04-01T14:02:10Z,2024-04-06T03:25:56Z,2024-04-17T02:20:34Z,407,124,108
33823684,Camelcade/Perl5-IDEA,https://github.com/Camelcade/Perl5-IDEA,98697,Java,2015-04-12T16:09:15Z,2024-04-13T11:36:58Z,2024-04-26T02:28:46Z,405,75,940
892805,alexruiz/fest-assert-2.x,https://github.com/alexruiz/fest-assert-2.x,11477,Java,2010-09-07T03:57:50Z,2024-03-31T14:11:48Z,2015-08-05T07:17:59Z,399,69,70
14829187,kite-sdk/kite,https://github.com/kite-sdk/kite,48700,Java,2013-11-30T22:06:02Z,2024-04-02T17:41:33Z,2022-11-01T22:28:52Z,390,264,66
22923251,sinkillerj/ProjectE,https://github.com/sinkillerj/ProjectE,12713,Java,2014-08-13T16:46:11Z,2024-04-27T08:10:07Z,2024-03-21T15:22:59Z,390,204,262
257984305,GoogleCloudPlatform/spring-cloud-gcp,https://github.com/GoogleCloudPlatform/spring-cloud-gcp,36468,Java,2020-04-22T18:19:22Z,2024-04-25T18:01:45Z,2024-04-29T04:52:27Z,382,288,177
8025185,ios-driver/ios-driver,https://github.com/ios-driver/ios-driver,69686,Java,2013-02-05T08:22:00Z,2024-04-09T11:00:34Z,2016-04-21T03:22:07Z,382,158,122
365244061,elastic/elasticsearch-java,https://github.com/elastic/elasticsearch-java,28857,Java,2021-05-07T13:34:18Z,2024-04-29T09:26:34Z,2024-04-29T18:46:55Z,378,212,130
77066767,eclipse/repairnator,https://github.com/eclipse/repairnator,61512,Java,2016-12-21T16:12:54Z,2024-04-22T21:13:15Z,2023-12-12T20:27:57Z,377,85,138
3657930,apache/jackrabbit-oak,https://github.com/apache/jackrabbit-oak,79427,Java,2012-03-08T08:00:14Z,2024-04-29T12:13:44Z,2024-04-29T14:51:34Z,376,383,66
115198687,opencast/opencast,https://github.com/opencast/opencast,268142,Java,2017-12-23T13:54:35Z,2024-04-24T21:17:39Z,2024-04-29T22:52:44Z,373,226,254
33791453,SpongePowered/Sponge,https://github.com/SpongePowered/Sponge,61796,Java,2015-04-11T20:38:48Z,2024-04-28T14:16:17Z,2024-04-29T21:55:25Z,371,212,254
41505521,WPIRoboticsProjects/GRIP,https://github.com/WPIRoboticsProjects/GRIP,71152,Java,2015-08-27T18:59:07Z,2024-04-15T09:21:05Z,2021-07-30T16:44:03Z,370,109,154
77035252,wso2/product-ei,https://github.com/wso2/product-ei,102765,Java,2016-12-21T09:00:01Z,2024-04-19T21:45:29Z,2023-12-01T06:14:42Z,364,274,1028
193088046,vividus-framework/vividus,https://github.com/vividus-framework/vividus,78473,Java,2019-06-21T11:40:01Z,2024-04-29T15:30:14Z,2024-04-29T16:12:36Z,357,80,133
941687,subgraph/Vega,https://github.com/subgraph/Vega,37571,Java,2010-09-27T04:17:48Z,2024-04-24T17:24:29Z,2021-02-23T18:46:32Z,348,93,178
61968968,simlu/voxelshop,https://github.com/simlu/voxelshop,118680,Java,2016-06-26T01:39:59Z,2024-04-19T16:40:14Z,2022-11-12T10:12:51Z,348,65,158
47563072,refinedmods/refinedstorage,https://github.com/refinedmods/refinedstorage,31938,Java,2015-12-07T16:05:16Z,2024-04-02T23:20:45Z,2024-04-05T14:53:37Z,346,175,99
49670957,eclipse-rdf4j/rdf4j,https://github.com/eclipse-rdf4j/rdf4j,581666,Java,2016-01-14T19:47:32Z,2024-04-03T12:56:00Z,2024-04-29T15:16:03Z,344,160,302
11637399,asciidoctor/asciidoctor-intellij-plugin,https://github.com/asciidoctor/asciidoctor-intellij-plugin,87375,Java,2013-07-24T14:54:35Z,2024-04-26T14:16:07Z,2024-04-26T23:13:35Z,341,143,127
80822758,allure-framework/allure-java,https://github.com/allure-framework/allure-java,2709,Java,2017-02-03T11:19:50Z,2024-04-26T01:06:06Z,2024-04-22T13:23:33Z,333,215,94
2433623,cloudfoundry/cf-java-client,https://github.com/cloudfoundry/cf-java-client,80637,Java,2011-09-21T23:22:33Z,2024-03-31T14:12:18Z,2024-04-08T08:38:22Z,325,313,75
31323673,openimaj/openimaj,https://github.com/openimaj/openimaj,506348,Java,2015-02-25T16:37:24Z,2024-04-20T01:06:40Z,2023-06-14T22:29:01Z,325,116,91
31421294,sdaschner/jaxrs-analyzer,https://github.com/sdaschner/jaxrs-analyzer,1064,Java,2015-02-27T13:52:03Z,2024-03-31T14:15:48Z,2023-04-24T22:56:35Z,318,101,75
63534520,castlemock/castlemock,https://github.com/castlemock/castlemock,18011,Java,2016-07-17T13:57:57Z,2024-04-29T09:51:55Z,2024-04-28T02:18:54Z,315,97,104
202361279,LinuxForHealth/FHIR,https://github.com/LinuxForHealth/FHIR,909844,Java,2019-08-14T13:56:12Z,2024-04-29T08:24:25Z,2024-04-18T14:50:56Z,312,156,364
53297769,appium/appium-uiautomator2-server,https://github.com/appium/appium-uiautomator2-server,4750,Java,2016-03-07T05:18:34Z,2024-04-24T05:48:46Z,2024-04-15T11:41:02Z,311,222,64
57942251,FasterXML/jackson-dataformats-binary,https://github.com/FasterXML/jackson-dataformats-binary,10310,Java,2016-05-03T04:54:56Z,2024-04-26T03:50:08Z,2024-04-26T03:58:50Z,303,128,87
14204295,jcabi/jcabi-github,https://github.com/jcabi/jcabi-github,42697,Java,2013-11-07T13:23:16Z,2024-04-27T16:49:54Z,2024-04-27T16:50:22Z,302,141,144
2185934,farin/JCloisterZone,https://github.com/farin/JCloisterZone,113955,Java,2011-08-10T15:36:54Z,2024-04-23T04:20:38Z,2023-10-08T15:33:10Z,300,99,72
9580168,yegor256/qulice,https://github.com/yegor256/qulice,20438,Java,2013-04-21T14:01:15Z,2024-04-29T07:09:36Z,2024-04-28T20:04:59Z,293,109,206
12278235,WayofTime/BloodMagic,https://github.com/WayofTime/BloodMagic,52169,Java,2013-08-21T18:38:18Z,2024-04-13T13:36:11Z,2024-04-25T16:46:39Z,292,266,333
64755572,VKCOM/vk-java-sdk,https://github.com/VKCOM/vk-java-sdk,3961,Java,2016-08-02T12:38:34Z,2024-04-21T07:59:32Z,2024-04-15T08:08:01Z,289,150,93
17956445,ContainX/openstack4j,https://github.com/ContainX/openstack4j,4374,Java,2014-03-20T19:56:09Z,2024-04-06T08:55:36Z,2022-09-15T03:32:22Z,288,369,313
31855729,nativelibs4java/BridJ,https://github.com/nativelibs4java/BridJ,14857,Java,2015-03-08T15:59:36Z,2024-04-27T08:40:16Z,2023-02-23T03:20:18Z,288,114,94
2996011,imglib/imglib2,https://github.com/imglib/imglib2,45745,Java,2011-12-16T16:36:19Z,2024-04-22T16:53:46Z,2024-04-29T09:59:01Z,287,92,68
91683656,crnk-project/crnk-framework,https://github.com/crnk-project/crnk-framework,9415,Java,2017-05-18T11:06:31Z,2024-04-02T17:43:11Z,2023-10-19T19:21:14Z,284,151,242
134538006,wso2/product-microgateway,https://github.com/wso2/product-microgateway,93561,Java,2018-05-23T08:27:56Z,2024-04-26T14:57:39Z,2024-04-29T14:28:16Z,282,242,131
5786459,jzy3d/jzy3d-api,https://github.com/jzy3d/jzy3d-api,384004,Java,2012-09-12T21:54:34Z,2024-04-22T23:51:42Z,2023-06-14T22:44:46Z,274,144,65
19272315,samtools/htsjdk,https://github.com/samtools/htsjdk,114033,Java,2014-04-29T10:11:28Z,2024-03-31T14:14:47Z,2024-04-10T14:27:59Z,271,244,308
202406229,dubesar/Ultimate-Java-Resources,https://github.com/dubesar/Ultimate-Java-Resources,55544,Java,2019-08-14T18:39:07Z,2024-04-23T14:21:34Z,2023-07-11T17:28:29Z,270,292,70
2614085,uPortal-Project/uPortal,https://github.com/uPortal-Project/uPortal,171564,Java,2011-10-20T15:34:22Z,2024-04-24T03:10:30Z,2024-04-27T01:32:12Z,264,272,79
261828887,hashgraph/hedera-services,https://github.com/hashgraph/hedera-services,363529,Java,2020-05-06T17:17:43Z,2024-04-29T20:46:28Z,2024-04-29T20:46:24Z,259,110,1513
49965712,TwilioDevEd/api-snippets,https://github.com/TwilioDevEd/api-snippets,31162,Java,2016-01-19T16:21:44Z,2024-04-26T14:59:31Z,2024-04-29T18:57:03Z,257,467,70
4737996,digital-preservation/droid,https://github.com/digital-preservation/droid,21828,Java,2012-06-21T10:54:31Z,2024-04-22T15:55:03Z,2024-04-23T16:49:39Z,256,75,123
4858466,intermine/intermine,https://github.com/intermine/intermine,666553,Java,2012-07-02T10:25:18Z,2024-04-02T06:50:49Z,2023-12-03T01:10:28Z,248,350,221
1703091,MCMicS/jenkins-control-plugin,https://github.com/MCMicS/jenkins-control-plugin,50906,Java,2011-05-04T20:06:16Z,2024-04-26T17:59:08Z,2024-04-26T17:59:10Z,248,123,78
23360533,cqframework/clinical_quality_language,https://github.com/cqframework/clinical_quality_language,26709,Java,2014-08-26T17:30:05Z,2024-04-26T17:48:29Z,2024-04-26T13:03:06Z,244,118,168
26323526,dbs-leipzig/gradoop,https://github.com/dbs-leipzig/gradoop,784319,Java,2014-11-07T14:42:45Z,2024-04-22T13:21:29Z,2024-04-28T23:30:40Z,244,89,83
2497245,nifty-gui/nifty-gui,https://github.com/nifty-gui/nifty-gui,67095,Java,2011-10-01T23:59:11Z,2024-03-08T18:17:55Z,2021-08-27T09:44:54Z,243,79,69
5320077,julianhyde/optiq,https://github.com/julianhyde/optiq,20430,Java,2012-08-06T21:43:16Z,2024-04-07T15:19:53Z,2021-01-20T23:12:24Z,235,91,88
53603813,microsoft/azure-tools-for-java,https://github.com/microsoft/azure-tools-for-java,167110,Java,2016-03-10T17:29:21Z,2024-04-24T02:30:53Z,2024-04-29T14:11:10Z,234,152,308
320367,maven-nar/nar-maven-plugin,https://github.com/maven-nar/nar-maven-plugin,6642,Java,2009-09-28T20:05:31Z,2024-04-02T18:58:36Z,2023-10-11T08:31:36Z,229,162,82
1616402,elBukkit/MagicPlugin,https://github.com/elBukkit/MagicPlugin,54147,Java,2011-04-14T21:39:53Z,2024-04-23T22:50:38Z,2024-04-24T21:29:38Z,229,149,216
177009933,aws-amplify/amplify-android,https://github.com/aws-amplify/amplify-android,63848,Java,2019-03-21T19:19:24Z,2024-04-29T12:09:57Z,2024-04-29T18:04:16Z,229,106,98
89348631,InnovativeOnlineIndustries/Industrial-Foregoing,https://github.com/InnovativeOnlineIndustries/Industrial-Foregoing,9872,Java,2017-04-25T10:34:51Z,2024-04-28T21:11:13Z,2024-04-27T13:42:31Z,228,124,108
22376054,McJtyMods/RFTools,https://github.com/McJtyMods/RFTools,17711,Java,2014-07-29T10:19:55Z,2024-03-25T06:41:42Z,2022-08-29T22:21:58Z,228,88,483
331057892,deephaven/deephaven-core,https://github.com/deephaven/deephaven-core,88535,Java,2021-01-19T17:30:43Z,2024-04-29T23:03:32Z,2024-04-30T00:11:12Z,228,77,1044
153155267,smallrye/smallrye-reactive-messaging,https://github.com/smallrye/smallrye-reactive-messaging,52128,Java,2018-10-15T17:36:05Z,2024-04-25T15:50:48Z,2024-04-25T15:50:45Z,224,170,81
18051302,MyRobotLab/myrobotlab,https://github.com/MyRobotLab/myrobotlab,142105,Java,2014-03-24T03:59:27Z,2024-04-29T16:15:07Z,2024-04-29T17:45:27Z,220,102,124
7983535,owlike/genson,https://github.com/owlike/genson,10623,Java,2013-02-02T23:24:56Z,2024-04-22T23:50:24Z,2022-12-16T05:11:16Z,216,65,67
274867370,Zoinkwiz/quest-helper,https://github.com/Zoinkwiz/quest-helper,8783,Java,2020-06-25T08:37:21Z,2024-04-28T20:09:58Z,2024-04-29T11:11:21Z,214,371,92
33052784,Advanced-Rocketry/AdvancedRocketry,https://github.com/Advanced-Rocketry/AdvancedRocketry,28898,Java,2015-03-28T22:31:17Z,2024-03-25T07:24:56Z,2024-02-02T20:23:41Z,214,265,221
65723996,FabricMC/fabric-loom,https://github.com/FabricMC/fabric-loom,5107,Java,2016-08-15T10:22:19Z,2024-04-28T18:01:49Z,2024-04-29T22:08:07Z,214,193,126
43315252,Shopify/mobile-buy-sdk-android,https://github.com/Shopify/mobile-buy-sdk-android,3155,Java,2015-09-28T17:19:37Z,2024-04-27T07:16:09Z,2024-04-02T13:53:37Z,210,137,102
102351835,RumbleDB/rumble,https://github.com/RumbleDB/rumble,108614,Java,2017-09-04T10:58:48Z,2024-04-24T21:01:18Z,2024-04-18T08:25:12Z,207,80,136
3424353,OneBusAway/onebusaway-application-modules,https://github.com/OneBusAway/onebusaway-application-modules,83540,Java,2012-02-12T20:12:38Z,2024-04-25T23:09:26Z,2024-04-08T05:21:28Z,199,132,85
138338237,Direwolf20-MC/BuildingGadgets,https://github.com/Direwolf20-MC/BuildingGadgets,9056,Java,2018-06-22T18:56:25Z,2024-04-29T17:52:02Z,2023-09-09T10:18:43Z,199,68,131
6448802,vivo-project/VIVO,https://github.com/vivo-project/VIVO,122306,Java,2012-10-29T22:39:41Z,2024-04-18T17:11:55Z,2024-04-22T06:37:08Z,198,127,421
250556269,micronaut-projects/micronaut-starter,https://github.com/micronaut-projects/micronaut-starter,442606,Java,2020-03-27T14:30:02Z,2024-04-26T10:33:58Z,2024-04-29T20:37:23Z,198,89,152
148362172,eclipse-ee4j/jaxb-ri,https://github.com/eclipse-ee4j/jaxb-ri,10341,Java,2018-09-11T18:32:38Z,2024-04-26T08:58:50Z,2024-03-15T17:29:22Z,197,111,380
9499422,stratosphere/stratosphere,https://github.com/stratosphere/stratosphere,109925,Java,2013-04-17T14:25:24Z,2024-04-02T17:41:18Z,2023-12-16T17:29:09Z,196,83,168
176206805,wso2/micro-integrator,https://github.com/wso2/micro-integrator,102549,Java,2019-03-18T04:53:55Z,2024-03-31T14:22:15Z,2024-04-22T04:30:51Z,193,197,392
215840316,temporalio/sdk-java,https://github.com/temporalio/sdk-java,9507,Java,2019-10-17T16:42:32Z,2024-04-17T20:57:21Z,2024-04-19T16:38:23Z,193,127,282
275016355,newrelic/newrelic-java-agent,https://github.com/newrelic/newrelic-java-agent,68625,Java,2020-06-25T21:13:42Z,2024-04-29T23:44:37Z,2024-04-29T23:44:35Z,191,140,113
124586660,eclipse-ee4j/eclipselink,https://github.com/eclipse-ee4j/eclipselink,323118,Java,2018-03-09T19:53:46Z,2024-04-25T08:48:02Z,2024-04-29T13:21:34Z,188,153,235
23248685,jaquadro/StorageDrawers,https://github.com/jaquadro/StorageDrawers,5450,Java,2014-08-23T05:28:29Z,2024-04-24T14:24:06Z,2024-03-07T15:34:34Z,187,148,469
168736310,opensearch-project/security,https://github.com/opensearch-project/security,90449,Java,2019-02-01T17:39:31Z,2024-04-29T15:49:03Z,2024-04-29T20:19:25Z,174,250,214
18442381,googleapis/java-bigtable-hbase,https://github.com/googleapis/java-bigtable-hbase,20559,Java,2014-04-04T14:54:35Z,2024-04-22T15:33:21Z,2024-04-29T20:29:58Z,171,173,141
73003347,mickelus/tetra,https://github.com/mickelus/tetra,7604,Java,2016-11-06T16:26:01Z,2024-03-30T12:58:41Z,2023-04-11T20:36:45Z,167,77,121
181900096,micronaut-projects/micronaut-security,https://github.com/micronaut-projects/micronaut-security,158388,Java,2019-04-17T13:42:39Z,2024-04-29T07:54:50Z,2024-04-29T21:50:03Z,165,122,77
12327706,opencb/opencga,https://github.com/opencb/opencga,154794,Java,2013-08-23T16:42:20Z,2024-04-23T07:21:38Z,2024-04-29T16:05:23Z,164,97,451
47506301,finos/waltz,https://github.com/finos/waltz,58763,Java,2015-12-06T17:26:44Z,2024-04-29T10:18:37Z,2024-04-29T10:18:33Z,163,126,369
315377678,apache/ignite-3,https://github.com/apache/ignite-3,55030,Java,2020-11-23T16:39:36Z,2024-04-29T17:54:39Z,2024-04-29T18:53:07Z,163,90,83
60286497,mesosphere/dcos-commons,https://github.com/mesosphere/dcos-commons,107905,Java,2016-06-02T18:09:08Z,2024-03-31T14:17:53Z,2023-12-19T22:46:59Z,157,175,98
47934804,Lothrazar/Cyclic,https://github.com/Lothrazar/Cyclic,27857,Java,2015-12-13T20:19:26Z,2024-03-31T14:17:05Z,2024-04-20T02:41:18Z,155,96,173
43707061,ResearchStack/ResearchStack,https://github.com/ResearchStack/ResearchStack,18719,Java,2015-10-05T19:04:26Z,2023-12-21T06:21:51Z,2024-03-29T18:35:21Z,152,81,82
134450682,GoogleCloudPlatform/cloud-opensource-java,https://github.com/GoogleCloudPlatform/cloud-opensource-java,18089,Java,2018-05-22T17:24:30Z,2024-03-31T14:21:06Z,2024-04-11T17:13:51Z,149,73,181
22538931,yavijava/yavijava,https://github.com/yavijava/yavijava,4333,Java,2014-08-02T04:00:22Z,2024-01-30T07:58:44Z,2022-10-26T16:20:21Z,146,118,95
179494421,smallrye/smallrye-graphql,https://github.com/smallrye/smallrye-graphql,17184,Java,2019-04-04T12:37:13Z,2024-04-29T12:57:53Z,2024-04-29T19:45:35Z,146,85,134
76666139,heremaps/here-android-sdk-examples,https://github.com/heremaps/here-android-sdk-examples,2784,Java,2016-12-16T15:55:38Z,2024-04-22T15:27:52Z,2022-11-28T10:25:49Z,145,191,65
225818900,apache/camel-kafka-connector,https://github.com/apache/camel-kafka-connector,52981,Java,2019-12-04T08:39:07Z,2024-04-29T16:14:28Z,2024-04-29T16:15:02Z,145,96,131
113889550,uber/cadence-java-client,https://github.com/uber/cadence-java-client,4014,Java,2017-12-11T17:42:08Z,2024-04-29T20:47:08Z,2024-04-29T23:33:44Z,139,107,140
288294648,open-telemetry/opentelemetry-java-contrib,https://github.com/open-telemetry/opentelemetry-java-contrib,22175,Java,2020-08-17T21:57:13Z,2024-04-29T18:03:12Z,2024-04-29T18:03:08Z,138,111,72
58821483,McJtyMods/TheOneProbe,https://github.com/McJtyMods/TheOneProbe,1849,Java,2016-05-14T17:40:33Z,2024-04-01T14:21:51Z,2024-04-29T08:52:41Z,136,67,266
64340716,katharsis-project/katharsis-framework,https://github.com/katharsis-project/katharsis-framework,5026,Java,2016-07-27T20:46:27Z,2024-04-03T10:11:49Z,2023-12-05T19:36:36Z,133,65,76
27504653,OHDSI/WebAPI,https://github.com/OHDSI/WebAPI,29342,Java,2014-12-03T19:49:51Z,2024-04-23T06:10:26Z,2024-04-26T12:38:16Z,125,154,138
52329722,wso2/carbon-identity-framework,https://github.com/wso2/carbon-identity-framework,488238,Java,2016-02-23T04:20:26Z,2024-04-28T13:45:09Z,2024-04-29T16:30:25Z,117,526,95
1156136,radargun/radargun,https://github.com/radargun/radargun,7448,Java,2010-12-10T13:35:42Z,2024-01-12T18:04:32Z,2023-10-27T12:17:47Z,117,65,67
197364349,hashgraph/hedera-mirror-node,https://github.com/hashgraph/hedera-mirror-node,422977,Java,2019-07-17T10:04:38Z,2024-04-29T22:02:41Z,2024-04-30T02:35:12Z,116,106,185
25573964,arquillian/arquillian-cube,https://github.com/arquillian/arquillian-cube,5201,Java,2014-10-22T09:47:10Z,2024-04-29T14:21:13Z,2024-04-29T14:21:09Z,115,98,138
1381748,jfrog/jenkins-artifactory-plugin,https://github.com/jfrog/jenkins-artifactory-plugin,6232,Java,2011-02-18T09:17:52Z,2024-03-31T14:11:59Z,2024-04-24T15:32:13Z,114,186,304
166387176,polypheny/Polypheny-DB,https://github.com/polypheny/Polypheny-DB,39202,Java,2019-01-18T10:24:15Z,2024-04-16T18:12:47Z,2024-04-29T15:54:48Z,114,87,92
129769092,eclipse-sw360/sw360,https://github.com/eclipse-sw360/sw360,17676,Java,2018-04-16T15:54:19Z,2024-04-29T10:02:37Z,2024-04-29T10:04:33Z,112,95,430
8927606,frankframework/frankframework,https://github.com/frankframework/frankframework,102918,Java,2013-03-21T11:48:24Z,2024-04-29T07:28:59Z,2024-04-30T00:49:03Z,111,76,268
354129853,opensearch-project/sql,https://github.com/opensearch-project/sql,89450,Java,2021-04-02T20:48:31Z,2024-04-29T22:50:22Z,2024-04-29T22:50:38Z,106,120,394
157680689,tikv/client-java,https://github.com/tikv/client-java,348647,Java,2018-11-15T08:52:53Z,2024-04-04T05:15:44Z,2024-03-28T08:52:50Z,106,105,86
222457383,openstack4j/openstack4j,https://github.com/openstack4j/openstack4j,5585,Java,2019-11-18T13:36:41Z,2024-04-06T10:46:10Z,2024-04-13T05:35:48Z,105,90,79
62250821,US-CBP/GTAS,https://github.com/US-CBP/GTAS,100770,Java,2016-06-29T19:03:39Z,2024-04-04T05:27:59Z,2023-12-27T10:37:30Z,105,77,308
16338711,apache/airavata,https://github.com/apache/airavata,110739,Java,2014-01-29T08:00:06Z,2024-04-23T02:53:23Z,2024-04-23T02:53:19Z,98,111,79
105314178,Azure/azure-libraries-for-java,https://github.com/Azure/azure-libraries-for-java,271657,Java,2017-09-29T20:27:25Z,2024-03-31T14:20:01Z,2023-10-07T04:51:17Z,94,96,150
388880322,opensearch-project/opensearch-java,https://github.com/opensearch-project/opensearch-java,26872,Java,2021-07-23T17:39:35Z,2024-04-25T09:15:49Z,2024-04-30T01:10:37Z,92,155,108
84104620,aws/aws-xray-sdk-java,https://github.com/aws/aws-xray-sdk-java,1353,Java,2017-03-06T18:04:56Z,2024-04-25T18:27:44Z,2024-04-25T20:06:13Z,91,94,71
1081991,ops4j/org.ops4j.pax.exam2,https://github.com/ops4j/org.ops4j.pax.exam2,8540,Java,2010-11-15T13:59:35Z,2024-03-31T14:11:51Z,2024-04-03T11:27:02Z,83,99,246
95449551,Taskana/taskana,https://github.com/Taskana/taskana,29543,Java,2017-06-26T13:31:26Z,2024-04-29T12:12:56Z,2024-04-29T04:24:17Z,79,96,74
168114151,micronaut-projects/micronaut-aws,https://github.com/micronaut-projects/micronaut-aws,62224,Java,2019-01-29T07:59:36Z,2024-03-31T14:22:03Z,2024-04-29T21:29:05Z,79,81,105
24750302,alien4cloud/alien4cloud,https://github.com/alien4cloud/alien4cloud,28610,Java,2014-10-03T07:34:22Z,2024-03-31T14:15:16Z,2023-02-22T01:46:31Z,75,68,74
39182136,linagora/james-project,https://github.com/linagora/james-project,116916,Java,2015-07-16T07:04:59Z,2024-03-04T23:58:25Z,2024-03-10T22:19:03Z,68,64,80
